Entity,Code,Year,Share of annual CO₂ emissions embedded in trade
Africa,OWID_AFR,1990,-0.84700704
Africa,OWID_AFR,1991,-2.6027582
Africa,OWID_AFR,1992,0.093004085
Africa,OWID_AFR,1993,-0.9813508
Africa,OWID_AFR,1994,-2.1219447
Africa,OWID_AFR,1995,-3.3141928
Africa,OWID_AFR,1996,-4.234313
Africa,OWID_AFR,1997,-3.3810894
Africa,OWID_AFR,1998,-1.1509072
Africa,OWID_AFR,1999,-6.283838
Africa,OWID_AFR,2000,-21.159023
Africa,OWID_AFR,2001,-18.861883
Africa,OWID_AFR,2002,-17.784012
Africa,OWID_AFR,2003,-17.291048
Africa,OWID_AFR,2004,-17.319813
Africa,OWID_AFR,2005,-16.293669
Africa,OWID_AFR,2006,-13.490022
Africa,OWID_AFR,2007,-12.263654
Africa,OWID_AFR,2008,-12.0454235
Africa,OWID_AFR,2009,-6.8632355
Africa,OWID_AFR,2010,-7.242453
Africa,OWID_AFR,2011,-5.0889487
Africa,OWID_AFR,2012,-3.3892174
Africa,OWID_AFR,2013,0.9667617
Africa,OWID_AFR,2014,1.0359409
Africa,OWID_AFR,2015,2.917369
Africa,OWID_AFR,2016,2.6665912
Africa,OWID_AFR,2017,-0.59779036
Africa,OWID_AFR,2018,-0.103637554
Africa,OWID_AFR,2019,-0.9951431
Africa,OWID_AFR,2020,0.8268756
Africa,OWID_AFR,2021,0.28081322
Africa,OWID_AFR,2022,-0.74224555
Africa,OWID_AFR,2023,-1.6561664
Albania,ALB,1990,0.9575496
Albania,ALB,1991,7.5953107
Albania,ALB,1992,16.201677
Albania,ALB,1993,14.406155
Albania,ALB,1994,22.95147
Albania,ALB,1995,20.777817
Albania,ALB,1996,43.489456
Albania,ALB,1997,42.07038
Albania,ALB,1998,38.666412
Albania,ALB,1999,24.16741
Albania,ALB,2000,30.911333
Albania,ALB,2001,37.760105
Albania,ALB,2002,31.312323
Albania,ALB,2003,38.126045
Albania,ALB,2004,32.376198
Albania,ALB,2005,37.34272
Albania,ALB,2006,49.173935
Albania,ALB,2007,51.31319
Albania,ALB,2008,48.977573
Albania,ALB,2009,54.2763
Albania,ALB,2010,36.597595
Albania,ALB,2011,34.94877
Albania,ALB,2012,33.280457
Albania,ALB,2013,21.880379
Albania,ALB,2014,7.0595927
Albania,ALB,2015,25.081896
Albania,ALB,2016,28.400782
Albania,ALB,2017,14.210592
Albania,ALB,2018,20.5776
Albania,ALB,2019,21.864414
Albania,ALB,2020,22.782322
Albania,ALB,2021,20.654795
Albania,ALB,2022,26.41174
Albania,ALB,2023,21.838495
Argentina,ARG,1990,2.9901943
Argentina,ARG,1991,5.326917
Argentina,ARG,1992,8.13808
Argentina,ARG,1993,7.269257
Argentina,ARG,1994,7.236144
Argentina,ARG,1995,4.8208013
Argentina,ARG,1996,4.2141805
Argentina,ARG,1997,6.6996756
Argentina,ARG,1998,6.764027
Argentina,ARG,1999,0.78895235
Argentina,ARG,2000,-0.4504404
Argentina,ARG,2001,-3.1018407
Argentina,ARG,2002,-34.08862
Argentina,ARG,2003,-12.439313
Argentina,ARG,2004,-11.00965
Argentina,ARG,2005,-8.813754
Argentina,ARG,2006,-10.682738
Argentina,ARG,2007,-7.2231746
Argentina,ARG,2008,-4.8439617
Argentina,ARG,2009,-8.712981
Argentina,ARG,2010,-4.4593115
Argentina,ARG,2011,4.7032294
Argentina,ARG,2012,3.7954173
Argentina,ARG,2013,7.505414
Argentina,ARG,2014,1.672412
Argentina,ARG,2015,7.488474
Argentina,ARG,2016,0.20418008
Argentina,ARG,2017,3.3056297
Argentina,ARG,2018,0.66369635
Argentina,ARG,2019,-4.2806206
Argentina,ARG,2020,-2.7579012
Argentina,ARG,2021,-4.1648707
Argentina,ARG,2022,0.04223583
Argentina,ARG,2023,4.068854
Armenia,ARM,1990,-30.078112
Armenia,ARM,1991,-34.33043
Armenia,ARM,1992,-33.486137
Armenia,ARM,1993,-24.641006
Armenia,ARM,1994,-29.838228
Armenia,ARM,1995,-17.54148
Armenia,ARM,1996,19.557999
Armenia,ARM,1997,21.005648
Armenia,ARM,1998,32.729168
Armenia,ARM,1999,16.765512
Armenia,ARM,2000,8.800442
Armenia,ARM,2001,13.266018
Armenia,ARM,2002,32.642
Armenia,ARM,2003,21.766602
Armenia,ARM,2004,14.889628
Armenia,ARM,2005,22.02719
Armenia,ARM,2006,27.323751
Armenia,ARM,2007,97.470474
Armenia,ARM,2008,30.477974
Armenia,ARM,2009,47.435326
Armenia,ARM,2010,36.136322
Armenia,ARM,2011,13.25256
Armenia,ARM,2012,12.775675
Armenia,ARM,2013,6.3295207
Armenia,ARM,2014,5.5642257
Armenia,ARM,2015,11.044825
Armenia,ARM,2016,15.571409
Armenia,ARM,2017,15.709528
Armenia,ARM,2018,43.890053
Armenia,ARM,2019,30.005276
Armenia,ARM,2020,25.824648
Armenia,ARM,2021,26.13117
Armenia,ARM,2022,13.32624
Armenia,ARM,2023,3.2787218
Asia,OWID_ASI,1990,-1.7830397
Asia,OWID_ASI,1991,-9.813436
Asia,OWID_ASI,1992,-0.20046031
Asia,OWID_ASI,1993,-1.7863457
Asia,OWID_ASI,1994,-4.3435373
Asia,OWID_ASI,1995,-3.853182
Asia,OWID_ASI,1996,-4.610747
Asia,OWID_ASI,1997,-5.0959406
Asia,OWID_ASI,1998,-7.4990687
Asia,OWID_ASI,1999,-6.376162
Asia,OWID_ASI,2000,-6.741124
Asia,OWID_ASI,2001,-7.506068
Asia,OWID_ASI,2002,-7.929874
Asia,OWID_ASI,2003,-9.677969
Asia,OWID_ASI,2004,-9.989608
Asia,OWID_ASI,2005,-11.164612
Asia,OWID_ASI,2006,-11.7664175
Asia,OWID_ASI,2007,-11.002123
Asia,OWID_ASI,2008,-10.751647
Asia,OWID_ASI,2009,-9.537878
Asia,OWID_ASI,2010,-9.828196
Asia,OWID_ASI,2011,-9.138895
Asia,OWID_ASI,2012,-8.149451
Asia,OWID_ASI,2013,-8.45033
Asia,OWID_ASI,2014,-8.103244
Asia,OWID_ASI,2015,-7.2934413
Asia,OWID_ASI,2016,-7.9055915
Asia,OWID_ASI,2017,-7.889017
Asia,OWID_ASI,2018,-6.945422
Asia,OWID_ASI,2019,-6.9425516
Asia,OWID_ASI,2020,-7.497072
Asia,OWID_ASI,2021,-7.9477963
Asia,OWID_ASI,2022,-8.625
Asia,OWID_ASI,2023,-8.550885
Asia (excl. China and India),,1990,0.0008143224
Asia (excl. China and India),,1991,-13.309778
Asia (excl. China and India),,1992,1.498587
Asia (excl. China and India),,1993,-0.35988376
Asia (excl. China and India),,1994,-0.46467394
Asia (excl. China and India),,1995,0.68341255
Asia (excl. China and India),,1996,-0.1495994
Asia (excl. China and India),,1997,0.54662853
Asia (excl. China and India),,1998,-5.0860395
Asia (excl. China and India),,1999,-3.902921
Asia (excl. China and India),,2000,-3.1598353
Asia (excl. China and India),,2001,-5.0458183
Asia (excl. China and India),,2002,-4.5142336
Asia (excl. China and India),,2003,-3.3030555
Asia (excl. China and India),,2004,-2.2461824
Asia (excl. China and India),,2005,-1.3645493
Asia (excl. China and India),,2006,-0.5868675
Asia (excl. China and India),,2007,0.95828855
Asia (excl. China and India),,2008,2.1522512
Asia (excl. China and India),,2009,-2.4945023
Asia (excl. China and India),,2010,-2.6962585
Asia (excl. China and India),,2011,-0.29513386
Asia (excl. China and India),,2012,0.9922083
Asia (excl. China and India),,2013,1.3855585
Asia (excl. China and India),,2014,0.82728934
Asia (excl. China and India),,2015,-0.74248827
Asia (excl. China and India),,2016,-1.2888086
Asia (excl. China and India),,2017,-2.7752237
Asia (excl. China and India),,2018,-2.0878375
Asia (excl. China and India),,2019,-2.1379762
Asia (excl. China and India),,2020,-1.5745705
Asia (excl. China and India),,2021,-1.193654
Asia (excl. China and India),,2022,-1.8466505
Asia (excl. China and India),,2023,-1.6996272
Australia,AUS,1990,-12.004659
Australia,AUS,1991,-12.171417
Australia,AUS,1992,-12.785912
Australia,AUS,1993,-13.852607
Australia,AUS,1994,-12.147565
Australia,AUS,1995,-13.529824
Australia,AUS,1996,-13.504578
Australia,AUS,1997,-13.764288
Australia,AUS,1998,-12.057395
Australia,AUS,1999,-12.621788
Australia,AUS,2000,-16.530695
Australia,AUS,2001,-15.907804
Australia,AUS,2002,-11.445994
Australia,AUS,2003,-7.627056
Australia,AUS,2004,-7.9302435
Australia,AUS,2005,-8.6496725
Australia,AUS,2006,-6.9650345
Australia,AUS,2007,-5.668104
Australia,AUS,2008,-7.866111
Australia,AUS,2009,-2.027491
Australia,AUS,2010,-1.4274483
Australia,AUS,2011,-1.1486343
Australia,AUS,2012,2.0143785
Australia,AUS,2013,-2.924456
Australia,AUS,2014,-2.0635257
Australia,AUS,2015,-3.3359184
Australia,AUS,2016,-4.8217893
Australia,AUS,2017,-4.2072854
Australia,AUS,2018,-6.8469167
Australia,AUS,2019,-7.5383053
Australia,AUS,2020,-6.0757675
Australia,AUS,2021,-6.522263
Australia,AUS,2022,-4.9465895
Australia,AUS,2023,-3.165278
Austria,AUT,1990,42.5436
Austria,AUT,1991,37.453285
Austria,AUT,1992,55.661545
Austria,AUT,1993,46.2596
Austria,AUT,1994,44.524418
Austria,AUT,1995,43.824844
Austria,AUT,1996,42.113426
Austria,AUT,1997,38.75521
Austria,AUT,1998,44.456314
Austria,AUT,1999,43.58533
Austria,AUT,2000,41.225105
Austria,AUT,2001,39.55368
Austria,AUT,2002,33.814144
Austria,AUT,2003,29.107815
Austria,AUT,2004,33.144695
Austria,AUT,2005,32.898174
Austria,AUT,2006,35.947197
Austria,AUT,2007,38.23758
Austria,AUT,2008,36.25292
Austria,AUT,2009,35.533287
Austria,AUT,2010,32.16051
Austria,AUT,2011,39.348377
Austria,AUT,2012,36.970848
Austria,AUT,2013,34.549942
Austria,AUT,2014,43.36931
Austria,AUT,2015,31.334074
Austria,AUT,2016,32.008705
Austria,AUT,2017,27.318316
Austria,AUT,2018,32.919518
Austria,AUT,2019,27.460693
Austria,AUT,2020,26.735313
Austria,AUT,2021,30.033636
Austria,AUT,2022,35.313156
Austria,AUT,2023,34.369995
Azerbaijan,AZE,1990,-41.99971
Azerbaijan,AZE,1991,-53.315205
Azerbaijan,AZE,1992,-71.549835
Azerbaijan,AZE,1993,-47.13559
Azerbaijan,AZE,1994,-51.227848
Azerbaijan,AZE,1995,-28.694843
Azerbaijan,AZE,1996,-7.338132
Azerbaijan,AZE,1997,-12.381305
Azerbaijan,AZE,1998,-4.1358104
Azerbaijan,AZE,1999,-10.083349
Azerbaijan,AZE,2000,-19.630348
Azerbaijan,AZE,2001,-17.028872
Azerbaijan,AZE,2002,-10.871977
Azerbaijan,AZE,2003,10.035456
Azerbaijan,AZE,2004,17.877048
Azerbaijan,AZE,2005,4.11495
Azerbaijan,AZE,2006,8.522017
Azerbaijan,AZE,2007,4.4662967
Azerbaijan,AZE,2008,4.75161
Azerbaijan,AZE,2009,13.792813
Azerbaijan,AZE,2010,14.2908
Azerbaijan,AZE,2011,10.699541
Azerbaijan,AZE,2012,13.905159
Azerbaijan,AZE,2013,5.873675
Azerbaijan,AZE,2014,7.1939125
Azerbaijan,AZE,2015,6.639628
Azerbaijan,AZE,2016,-3.538086
Azerbaijan,AZE,2017,-4.8642526
Azerbaijan,AZE,2018,1.9213545
Azerbaijan,AZE,2019,-0.14532527
Azerbaijan,AZE,2020,4.7828135
Azerbaijan,AZE,2021,1.0876654
Azerbaijan,AZE,2022,-8.304503
Azerbaijan,AZE,2023,-4.4673605
Bahrain,BHR,1990,-21.08412
Bahrain,BHR,1991,-15.531524
Bahrain,BHR,1992,-13.17877
Bahrain,BHR,1993,-20.964497
Bahrain,BHR,1994,-17.691324
Bahrain,BHR,1995,-18.45482
Bahrain,BHR,1996,-21.505716
Bahrain,BHR,1997,-19.17051
Bahrain,BHR,1998,-12.590233
Bahrain,BHR,1999,-50.752197
Bahrain,BHR,2000,-52.83926
Bahrain,BHR,2001,-52.499794
Bahrain,BHR,2002,-48.94908
Bahrain,BHR,2003,-42.28234
Bahrain,BHR,2004,-47.94928
Bahrain,BHR,2005,-50.063942
Bahrain,BHR,2006,-52.173576
Bahrain,BHR,2007,-45.872395
Bahrain,BHR,2008,-43.07391
Bahrain,BHR,2009,-25.059168
Bahrain,BHR,2010,-21.952797
Bahrain,BHR,2011,-38.34164
Bahrain,BHR,2012,-31.286802
Bahrain,BHR,2013,-38.10901
Bahrain,BHR,2014,-34.121548
Bahrain,BHR,2015,-26.78263
Bahrain,BHR,2016,-37.06647
Bahrain,BHR,2017,-35.022568
Bahrain,BHR,2018,-32.40418
Bahrain,BHR,2019,-36.578773
Bahrain,BHR,2020,-35.89697
Bahrain,BHR,2021,-44.093193
Bahrain,BHR,2022,-50.23005
Bahrain,BHR,2023,-43.115177
Bangladesh,BGD,1990,1.4520229
Bangladesh,BGD,1991,0.019297803
Bangladesh,BGD,1992,3.2329826
Bangladesh,BGD,1993,-0.67760086
Bangladesh,BGD,1994,-2.1059327
Bangladesh,BGD,1995,-6.314298
Bangladesh,BGD,1996,-9.222329
Bangladesh,BGD,1997,-8.956999
Bangladesh,BGD,1998,-11.145489
Bangladesh,BGD,1999,23.313705
Bangladesh,BGD,2000,-3.6486766
Bangladesh,BGD,2001,-4.988878
Bangladesh,BGD,2002,-4.0886507
Bangladesh,BGD,2003,5.2218695
Bangladesh,BGD,2004,5.042947
Bangladesh,BGD,2005,5.148354
Bangladesh,BGD,2006,0.26796845
Bangladesh,BGD,2007,-0.27631098
Bangladesh,BGD,2008,-1.2199863
Bangladesh,BGD,2009,1.5065591
Bangladesh,BGD,2010,-0.2561204
Bangladesh,BGD,2011,-2.5088036
Bangladesh,BGD,2012,-0.42968076
Bangladesh,BGD,2013,-1.0235198
Bangladesh,BGD,2014,58.057365
Bangladesh,BGD,2015,-0.15500715
Bangladesh,BGD,2016,54.821796
Bangladesh,BGD,2017,54.817234
Bangladesh,BGD,2018,60.823605
Bangladesh,BGD,2019,56.73438
Bangladesh,BGD,2020,55.264442
Bangladesh,BGD,2021,60.265938
Bangladesh,BGD,2022,62.67875
Bangladesh,BGD,2023,60.589703
Belarus,BLR,1990,-39.649055
Belarus,BLR,1991,-33.697174
Belarus,BLR,1992,-49.76899
Belarus,BLR,1993,-49.632996
Belarus,BLR,1994,-52.210045
Belarus,BLR,1995,-40.757195
Belarus,BLR,1996,-18.454123
Belarus,BLR,1997,-22.16741
Belarus,BLR,1998,-17.08448
Belarus,BLR,1999,-13.903117
Belarus,BLR,2000,-25.252863
Belarus,BLR,2001,-29.866941
Belarus,BLR,2002,-29.613644
Belarus,BLR,2003,-23.295881
Belarus,BLR,2004,-25.054811
Belarus,BLR,2005,-24.535479
Belarus,BLR,2006,-23.03228
Belarus,BLR,2007,-13.570453
Belarus,BLR,2008,-12.874976
Belarus,BLR,2009,-9.714659
Belarus,BLR,2010,-3.9738407
Belarus,BLR,2011,-19.67895
Belarus,BLR,2012,13.190696
Belarus,BLR,2013,8.307763
Belarus,BLR,2014,4.8743896
Belarus,BLR,2015,7.443854
Belarus,BLR,2016,13.960678
Belarus,BLR,2017,15.75049
Belarus,BLR,2018,17.90158
Belarus,BLR,2019,16.158594
Belarus,BLR,2020,12.398106
Belarus,BLR,2021,15.505909
Belarus,BLR,2022,19.6207
Belarus,BLR,2023,12.221602
Belgium,BEL,1990,0
Belgium,BEL,1991,-0.000006483181
Belgium,BEL,1992,-0.000006529586
Belgium,BEL,1993,0.0000065870076
Belgium,BEL,1994,0
Belgium,BEL,1995,0.000006350754
Belgium,BEL,1996,-0.00000617745
Belgium,BEL,1997,-0.0000064507085
Belgium,BEL,1998,0.000006141763
Belgium,BEL,1999,45.27883
Belgium,BEL,2000,54.084843
Belgium,BEL,2001,54.780838
Belgium,BEL,2002,58.27368
Belgium,BEL,2003,57.66233
Belgium,BEL,2004,69.066505
Belgium,BEL,2005,69.86956
Belgium,BEL,2006,77.32563
Belgium,BEL,2007,88.451546
Belgium,BEL,2008,93.07671
Belgium,BEL,2009,78.54663
Belgium,BEL,2010,80.74243
Belgium,BEL,2011,103.41919
Belgium,BEL,2012,91.793884
Belgium,BEL,2013,101.09886
Belgium,BEL,2014,113.30524
Belgium,BEL,2015,99.00117
Belgium,BEL,2016,107.75048
Belgium,BEL,2017,104.49845
Belgium,BEL,2018,111.37204
Belgium,BEL,2019,104.89371
Belgium,BEL,2020,99.81358
Belgium,BEL,2021,112.605415
Belgium,BEL,2022,132.91724
Belgium,BEL,2023,132.11041
Benin,BEN,1990,81.97155
Benin,BEN,1991,78.352455
Benin,BEN,1992,71.15615
Benin,BEN,1993,57.439617
Benin,BEN,1994,60.525333
Benin,BEN,1995,62.646347
Benin,BEN,1996,68.88144
Benin,BEN,1997,71.295425
Benin,BEN,1998,77.388405
Benin,BEN,1999,33.374283
Benin,BEN,2000,56.7526
Benin,BEN,2001,64.85001
Benin,BEN,2002,47.111
Benin,BEN,2003,76.06245
Benin,BEN,2004,51.239742
Benin,BEN,2005,68.57804
Benin,BEN,2006,94.18399
Benin,BEN,2007,88.980156
Benin,BEN,2008,117.038246
Benin,BEN,2009,61.3738
Benin,BEN,2010,62.069206
Benin,BEN,2011,101.10918
Benin,BEN,2012,73.01425
Benin,BEN,2013,100.69319
Benin,BEN,2014,75.21494
Benin,BEN,2015,57.00972
Benin,BEN,2016,44.623215
Benin,BEN,2017,37.549168
Benin,BEN,2018,30.66905
Benin,BEN,2019,31.518076
Benin,BEN,2020,34.669323
Benin,BEN,2021,39.088284
Benin,BEN,2022,41.10623
Benin,BEN,2023,42.274357
Bolivia,BOL,1990,-16.641079
Bolivia,BOL,1991,-15.250046
Bolivia,BOL,1992,-12.907316
Bolivia,BOL,1993,-12.564513
Bolivia,BOL,1994,-13.730956
Bolivia,BOL,1995,-13.603125
Bolivia,BOL,1996,-13.113402
Bolivia,BOL,1997,-11.765785
Bolivia,BOL,1998,-6.319777
Bolivia,BOL,1999,1.697793
Bolivia,BOL,2000,2.3943172
Bolivia,BOL,2001,1.1866624
Bolivia,BOL,2002,2.577787
Bolivia,BOL,2003,-8.374592
Bolivia,BOL,2004,-11.71899
Bolivia,BOL,2005,-15.294915
Bolivia,BOL,2006,-13.018832
Bolivia,BOL,2007,-11.410764
Bolivia,BOL,2008,-8.654976
Bolivia,BOL,2009,0.6972271
Bolivia,BOL,2010,-2.220039
Bolivia,BOL,2011,0.31471795
Bolivia,BOL,2012,-2.7578788
Bolivia,BOL,2013,3.6850195
Bolivia,BOL,2014,7.46806
Bolivia,BOL,2015,8.071739
Bolivia,BOL,2016,4.4570527
Bolivia,BOL,2017,4.649028
Bolivia,BOL,2018,3.331833
Bolivia,BOL,2019,3.8860195
Bolivia,BOL,2020,8.850835
Bolivia,BOL,2021,5.449247
Bolivia,BOL,2022,2.5101364
Bolivia,BOL,2023,4.0937395
Botswana,BWA,1990,0
Botswana,BWA,1991,0
Botswana,BWA,1992,0
Botswana,BWA,1993,0
Botswana,BWA,1994,0
Botswana,BWA,1995,0
Botswana,BWA,1996,0
Botswana,BWA,1997,0
Botswana,BWA,1998,0
Botswana,BWA,1999,0
Botswana,BWA,2000,-13.694348
Botswana,BWA,2001,-19.538834
Botswana,BWA,2002,42.919125
Botswana,BWA,2003,-27.809874
Botswana,BWA,2004,-27.898327
Botswana,BWA,2005,-30.737446
Botswana,BWA,2006,-16.3429
Botswana,BWA,2007,-13.272062
Botswana,BWA,2008,-8.8947935
Botswana,BWA,2009,5.37953
Botswana,BWA,2010,127.27556
Botswana,BWA,2011,224.5949
Botswana,BWA,2012,167.76952
Botswana,BWA,2013,117.878075
Botswana,BWA,2014,107.194496
Botswana,BWA,2015,131.52354
Botswana,BWA,2016,114.74799
Botswana,BWA,2017,79.87748
Botswana,BWA,2018,73.48226
Botswana,BWA,2019,83.22655
Botswana,BWA,2020,104.24074
Botswana,BWA,2021,101.43204
Botswana,BWA,2022,90.270905
Botswana,BWA,2023,100.15976
Brazil,BRA,1990,9.158015
Brazil,BRA,1991,7.0759296
Brazil,BRA,1992,5.8724165
Brazil,BRA,1993,4.6796284
Brazil,BRA,1994,5.786537
Brazil,BRA,1995,8.093997
Brazil,BRA,1996,8.888342
Brazil,BRA,1997,8.941721
Brazil,BRA,1998,7.1747246
Brazil,BRA,1999,1.3428915
Brazil,BRA,2000,3.9993272
Brazil,BRA,2001,0.65080506
Brazil,BRA,2002,-2.8150506
Brazil,BRA,2003,-6.385721
Brazil,BRA,2004,-7.319643
Brazil,BRA,2005,-4.1974587
Brazil,BRA,2006,-2.3168993
Brazil,BRA,2007,0.8903094
Brazil,BRA,2008,7.979072
Brazil,BRA,2009,4.5752964
Brazil,BRA,2010,8.769452
Brazil,BRA,2011,10.181972
Brazil,BRA,2012,7.6095724
Brazil,BRA,2013,12.076819
Brazil,BRA,2014,10.206446
Brazil,BRA,2015,5.3074737
Brazil,BRA,2016,-0.15148018
Brazil,BRA,2017,1.9068736
Brazil,BRA,2018,1.6270162
Brazil,BRA,2019,1.9428073
Brazil,BRA,2020,-2.4209747
Brazil,BRA,2021,-4.674787
Brazil,BRA,2022,-3.086245
Brazil,BRA,2023,-2.8932714
Brunei,BRN,1990,-23.892618
Brunei,BRN,1991,-30.75061
Brunei,BRN,1992,-23.715876
Brunei,BRN,1993,-12.62961
Brunei,BRN,1994,-3.0752392
Brunei,BRN,1995,-8.8537655
Brunei,BRN,1996,4.1516633
Brunei,BRN,1997,-6.478095
Brunei,BRN,1998,-9.773811
Brunei,BRN,1999,-28.114506
Brunei,BRN,2000,-39.82998
Brunei,BRN,2001,-38.852146
Brunei,BRN,2002,-32.479435
Brunei,BRN,2003,-8.411818
Brunei,BRN,2004,-8.518676
Brunei,BRN,2005,-8.373794
Brunei,BRN,2006,-23.07934
Brunei,BRN,2007,-20.586699
Brunei,BRN,2008,-25.38123
Brunei,BRN,2009,-12.708955
Brunei,BRN,2010,-15.744387
Brunei,BRN,2011,2.306456
Brunei,BRN,2012,-2.3026733
Brunei,BRN,2013,9.055717
Brunei,BRN,2014,-7.0264306
Brunei,BRN,2015,5.7017593
Brunei,BRN,2016,-19.36845
Brunei,BRN,2017,-20.936165
Brunei,BRN,2018,-8.432827
Brunei,BRN,2019,-14.33613
Brunei,BRN,2020,-17.945654
Brunei,BRN,2021,-32.36318
Brunei,BRN,2022,-35.800755
Brunei,BRN,2023,-29.004498
Bulgaria,BGR,1990,-18.797832
Bulgaria,BGR,1991,-26.264332
Bulgaria,BGR,1992,-25.089025
Bulgaria,BGR,1993,-20.987371
Bulgaria,BGR,1994,-25.293987
Bulgaria,BGR,1995,-19.149853
Bulgaria,BGR,1996,-21.81853
Bulgaria,BGR,1997,-22.330082
Bulgaria,BGR,1998,-15.935063
Bulgaria,BGR,1999,-8.928518
Bulgaria,BGR,2000,-6.8900642
Bulgaria,BGR,2001,-6.8993735
Bulgaria,BGR,2002,-6.771161
Bulgaria,BGR,2003,-7.598836
Bulgaria,BGR,2004,-6.6616645
Bulgaria,BGR,2005,-3.5805757
Bulgaria,BGR,2006,-1.5395807
Bulgaria,BGR,2007,-2.3559375
Bulgaria,BGR,2008,2.9830723
Bulgaria,BGR,2009,-2.055473
Bulgaria,BGR,2010,-6.398819
Bulgaria,BGR,2011,-12.062998
Bulgaria,BGR,2012,-10.181545
Bulgaria,BGR,2013,-11.84071
Bulgaria,BGR,2014,-12.477124
Bulgaria,BGR,2015,-14.830165
Bulgaria,BGR,2016,-10.734992
Bulgaria,BGR,2017,-11.657527
Bulgaria,BGR,2018,-5.5123506
Bulgaria,BGR,2019,-5.3603535
Bulgaria,BGR,2020,-0.7996822
Bulgaria,BGR,2021,-3.3832808
Bulgaria,BGR,2022,-9.981754
Bulgaria,BGR,2023,2.3447008
Burkina Faso,BFA,1990,39.026257
Burkina Faso,BFA,1991,37.298923
Burkina Faso,BFA,1992,38.724678
Burkina Faso,BFA,1993,38.474636
Burkina Faso,BFA,1994,40.258835
Burkina Faso,BFA,1995,48.876545
Burkina Faso,BFA,1996,52.260162
Burkina Faso,BFA,1997,45.93703
Burkina Faso,BFA,1998,51.222332
Burkina Faso,BFA,1999,63.292084
Burkina Faso,BFA,2000,47.263874
Burkina Faso,BFA,2001,67.93099
Burkina Faso,BFA,2002,73.7289
Burkina Faso,BFA,2003,14.711104
Burkina Faso,BFA,2004,21.877396
Burkina Faso,BFA,2005,25.403824
Burkina Faso,BFA,2006,33.388485
Burkina Faso,BFA,2007,18.689068
Burkina Faso,BFA,2008,7.180529
Burkina Faso,BFA,2009,22.073906
Burkina Faso,BFA,2010,11.410168
Burkina Faso,BFA,2011,10.085923
Burkina Faso,BFA,2012,3.7507668
Burkina Faso,BFA,2013,12.2313795
Burkina Faso,BFA,2014,6.70392
Burkina Faso,BFA,2015,-6.052719
Burkina Faso,BFA,2016,-0.33531764
Burkina Faso,BFA,2017,-2.7366421
Burkina Faso,BFA,2018,-5.6615496
Burkina Faso,BFA,2019,-9.366254
Burkina Faso,BFA,2020,-14.932286
Burkina Faso,BFA,2021,-15.151313
Burkina Faso,BFA,2022,-11.760275
Burkina Faso,BFA,2023,-8.04064
Cambodia,KHM,1990,53.437836
Cambodia,KHM,1991,54.18007
Cambodia,KHM,1992,55.99044
Cambodia,KHM,1993,49.337982
Cambodia,KHM,1994,52.734375
Cambodia,KHM,1995,41.930305
Cambodia,KHM,1996,57.787365
Cambodia,KHM,1997,63.80699
Cambodia,KHM,1998,52.497246
Cambodia,KHM,1999,45.29562
Cambodia,KHM,2000,449.48367
Cambodia,KHM,2001,437.9686
Cambodia,KHM,2002,494.69604
Cambodia,KHM,2003,260.15546
Cambodia,KHM,2004,356.47763
Cambodia,KHM,2005,453.6029
Cambodia,KHM,2006,343.87543
Cambodia,KHM,2007,269.52896
Cambodia,KHM,2008,272.20844
Cambodia,KHM,2009,153.93835
Cambodia,KHM,2010,199.11296
Cambodia,KHM,2011,305.38455
Cambodia,KHM,2012,276.35764
Cambodia,KHM,2013,275.44638
Cambodia,KHM,2014,209.4502
Cambodia,KHM,2015,196.63477
Cambodia,KHM,2016,140.92427
Cambodia,KHM,2017,112.691895
Cambodia,KHM,2018,113.418625
Cambodia,KHM,2019,90.89263
Cambodia,KHM,2020,77.491585
Cambodia,KHM,2021,76.62185
Cambodia,KHM,2022,82.367775
Cambodia,KHM,2023,82.44448
Cameroon,CMR,1990,25.877316
Cameroon,CMR,1991,25.372221
Cameroon,CMR,1992,29.4403
Cameroon,CMR,1993,29.030602
Cameroon,CMR,1994,10.729873
Cameroon,CMR,1995,9.627798
Cameroon,CMR,1996,7.30732
Cameroon,CMR,1997,14.727138
Cameroon,CMR,1998,19.352917
Cameroon,CMR,1999,11.284666
Cameroon,CMR,2000,5.2375216
Cameroon,CMR,2001,16.5915
Cameroon,CMR,2002,45.349
Cameroon,CMR,2003,18.025251
Cameroon,CMR,2004,6.175928
Cameroon,CMR,2005,10.561662
Cameroon,CMR,2006,27.417522
Cameroon,CMR,2007,18.27832
Cameroon,CMR,2008,23.238228
Cameroon,CMR,2009,18.499332
Cameroon,CMR,2010,16.772074
Cameroon,CMR,2011,22.876045
Cameroon,CMR,2012,31.574183
Cameroon,CMR,2013,23.793388
Cameroon,CMR,2014,17.962242
Cameroon,CMR,2015,12.238457
Cameroon,CMR,2016,10.189832
Cameroon,CMR,2017,8.619281
Cameroon,CMR,2018,-1.6456649
Cameroon,CMR,2019,-3.172939
Cameroon,CMR,2020,2.184553
Cameroon,CMR,2021,4.786551
Cameroon,CMR,2022,2.1824603
Cameroon,CMR,2023,7.106453
Canada,CAN,1990,8.550164
Canada,CAN,1991,10.503814
Canada,CAN,1992,10.905168
Canada,CAN,1993,7.4646554
Canada,CAN,1994,5.396773
Canada,CAN,1995,4.642223
Canada,CAN,1996,3.1636236
Canada,CAN,1997,5.636212
Canada,CAN,1998,5.8841915
Canada,CAN,1999,4.202885
Canada,CAN,2000,2.623393
Canada,CAN,2001,1.3129042
Canada,CAN,2002,3.7663572
Canada,CAN,2003,0.7907742
Canada,CAN,2004,2.733763
Canada,CAN,2005,7.984851
Canada,CAN,2006,4.7647796
Canada,CAN,2007,4.7448783
Canada,CAN,2008,4.5611734
Canada,CAN,2009,8.080609
Canada,CAN,2010,11.608564
Canada,CAN,2011,9.551677
Canada,CAN,2012,9.335951
Canada,CAN,2013,8.429581
Canada,CAN,2014,6.043518
Canada,CAN,2015,1.8100891
Canada,CAN,2016,-1.2588896
Canada,CAN,2017,-2.1274743
Canada,CAN,2018,-3.2118812
Canada,CAN,2019,-5.1582155
Canada,CAN,2020,-4.0594454
Canada,CAN,2021,-2.5190685
Canada,CAN,2022,-3.1768517
Canada,CAN,2023,-4.681394
Chile,CHL,1990,-1.6086469
Chile,CHL,1991,1.6286528
Chile,CHL,1992,5.963487
Chile,CHL,1993,5.8957124
Chile,CHL,1994,2.4959977
Chile,CHL,1995,1.4624372
Chile,CHL,1996,-0.22880468
Chile,CHL,1997,-0.37146318
Chile,CHL,1998,5.0326147
Chile,CHL,1999,-1.6071203
Chile,CHL,2000,4.1793275
Chile,CHL,2001,3.2331371
Chile,CHL,2002,7.251047
Chile,CHL,2003,-0.16010828
Chile,CHL,2004,-0.9028541
Chile,CHL,2005,3.3414044
Chile,CHL,2006,3.700065
Chile,CHL,2007,3.6310306
Chile,CHL,2008,19.738789
Chile,CHL,2009,-0.1216196
Chile,CHL,2010,7.3136263
Chile,CHL,2011,13.165469
Chile,CHL,2012,19.330967
Chile,CHL,2013,13.365249
Chile,CHL,2014,10.19309
Chile,CHL,2015,7.8138423
Chile,CHL,2016,5.436046
Chile,CHL,2017,5.552444
Chile,CHL,2018,9.849943
Chile,CHL,2019,6.513312
Chile,CHL,2020,3.6579907
Chile,CHL,2021,8.933918
Chile,CHL,2022,7.74556
Chile,CHL,2023,13.597632
China,CHN,1990,-4.943097
China,CHN,1991,-6.155715
China,CHN,1992,-2.6766262
China,CHN,1993,-3.575217
China,CHN,1994,-9.756393
China,CHN,1995,-9.3877945
China,CHN,1996,-9.714847
China,CHN,1997,-11.751925
China,CHN,1998,-10.66911
China,CHN,1999,-10.102475
China,CHN,2000,-11.191748
China,CHN,2001,-10.550988
China,CHN,2002,-11.675303
China,CHN,2003,-16.867027
China,CHN,2004,-18.352045
China,CHN,2005,-21.002766
China,CHN,2006,-21.92259
China,CHN,2007,-21.592482
China,CHN,2008,-21.414083
China,CHN,2009,-15.58469
China,CHN,2010,-15.671858
China,CHN,2011,-15.369944
China,CHN,2012,-14.585822
China,CHN,2013,-13.226173
China,CHN,2014,-12.58915
China,CHN,2015,-10.836781
China,CHN,2016,-11.038633
China,CHN,2017,-10.426099
China,CHN,2018,-8.730799
China,CHN,2019,-8.834001
China,CHN,2020,-10.0729685
China,CHN,2021,-10.602352
China,CHN,2022,-10.969903
China,CHN,2023,-10.803336
Colombia,COL,1990,5.687187
Colombia,COL,1991,4.528783
Colombia,COL,1992,8.515185
Colombia,COL,1993,7.492142
Colombia,COL,1994,6.506429
Colombia,COL,1995,10.679927
Colombia,COL,1996,8.854151
Colombia,COL,1997,8.087532
Colombia,COL,1998,8.17474
Colombia,COL,1999,-1.3752813
Colombia,COL,2000,-3.7681432
Colombia,COL,2001,-2.8202891
Colombia,COL,2002,-0.86440355
Colombia,COL,2003,4.94062
Colombia,COL,2004,9.8575735
Colombia,COL,2005,10.688917
Colombia,COL,2006,15.906531
Colombia,COL,2007,25.613728
Colombia,COL,2008,21.166803
Colombia,COL,2009,15.053952
Colombia,COL,2010,18.507544
Colombia,COL,2011,22.838732
Colombia,COL,2012,23.478922
Colombia,COL,2013,20.782404
Colombia,COL,2014,22.932468
Colombia,COL,2015,18.852364
Colombia,COL,2016,17.6537
Colombia,COL,2017,18.82425
Colombia,COL,2018,17.11026
Colombia,COL,2019,13.629276
Colombia,COL,2020,14.293711
Colombia,COL,2021,12.736534
Colombia,COL,2022,16.143923
Colombia,COL,2023,16.082008
Costa Rica,CRI,1990,67.17038
Costa Rica,CRI,1991,54.1041
Costa Rica,CRI,1992,50.580635
Costa Rica,CRI,1993,44.19541
Costa Rica,CRI,1994,27.708061
Costa Rica,CRI,1995,36.09045
Costa Rica,CRI,1996,31.964935
Costa Rica,CRI,1997,46.48851
Costa Rica,CRI,1998,42.20445
Costa Rica,CRI,1999,41.776783
Costa Rica,CRI,2000,54.31251
Costa Rica,CRI,2001,49.042515
Costa Rica,CRI,2002,86.29218
Costa Rica,CRI,2003,59.236988
Costa Rica,CRI,2004,54.653458
Costa Rica,CRI,2005,60.417526
Costa Rica,CRI,2006,68.020615
Costa Rica,CRI,2007,66.323395
Costa Rica,CRI,2008,74.77007
Costa Rica,CRI,2009,46.076496
Costa Rica,CRI,2010,59.46384
Costa Rica,CRI,2011,79.05855
Costa Rica,CRI,2012,79.59795
Costa Rica,CRI,2013,74.85089
Costa Rica,CRI,2014,72.22547
Costa Rica,CRI,2015,79.291336
Costa Rica,CRI,2016,78.00017
Costa Rica,CRI,2017,79.45955
Costa Rica,CRI,2018,84.77899
Costa Rica,CRI,2019,87.35069
Costa Rica,CRI,2020,82.21077
Costa Rica,CRI,2021,82.77839
Costa Rica,CRI,2022,82.958206
Costa Rica,CRI,2023,73.40485
Cote d'Ivoire,CIV,1990,20.593483
Cote d'Ivoire,CIV,1991,25.008865
Cote d'Ivoire,CIV,1992,46.99376
Cote d'Ivoire,CIV,1993,25.11346
Cote d'Ivoire,CIV,1994,26.948341
Cote d'Ivoire,CIV,1995,15.300152
Cote d'Ivoire,CIV,1996,1.9824053
Cote d'Ivoire,CIV,1997,7.253692
Cote d'Ivoire,CIV,1998,20.654818
Cote d'Ivoire,CIV,1999,8.94133
Cote d'Ivoire,CIV,2000,7.354318
Cote d'Ivoire,CIV,2001,-17.326483
Cote d'Ivoire,CIV,2002,-30.781271
Cote d'Ivoire,CIV,2003,11.877909
Cote d'Ivoire,CIV,2004,-9.152783
Cote d'Ivoire,CIV,2005,-10.679506
Cote d'Ivoire,CIV,2006,-2.4958045
Cote d'Ivoire,CIV,2007,9.908548
Cote d'Ivoire,CIV,2008,8.3692465
Cote d'Ivoire,CIV,2009,18.852646
Cote d'Ivoire,CIV,2010,20.833557
Cote d'Ivoire,CIV,2011,12.732314
Cote d'Ivoire,CIV,2012,21.563265
Cote d'Ivoire,CIV,2013,21.09859
Cote d'Ivoire,CIV,2014,22.357584
Cote d'Ivoire,CIV,2015,32.398876
Cote d'Ivoire,CIV,2016,22.950352
Cote d'Ivoire,CIV,2017,22.982878
Cote d'Ivoire,CIV,2018,38.33504
Cote d'Ivoire,CIV,2019,36.691257
Cote d'Ivoire,CIV,2020,30.386183
Cote d'Ivoire,CIV,2021,26.203432
Cote d'Ivoire,CIV,2022,25.732655
Cote d'Ivoire,CIV,2023,27.12808
Croatia,HRV,1990,-12.223522
Croatia,HRV,1991,-12.445321
Croatia,HRV,1992,7.8550653
Croatia,HRV,1993,4.923122
Croatia,HRV,1994,6.8279815
Croatia,HRV,1995,12.108105
Croatia,HRV,1996,9.372312
Croatia,HRV,1997,10.614466
Croatia,HRV,1998,5.5567355
Croatia,HRV,1999,6.793958
Croatia,HRV,2000,6.428517
Croatia,HRV,2001,13.873928
Croatia,HRV,2002,16.053482
Croatia,HRV,2003,23.315094
Croatia,HRV,2004,29.581244
Croatia,HRV,2005,28.725382
Croatia,HRV,2006,26.051577
Croatia,HRV,2007,23.500519
Croatia,HRV,2008,49.41307
Croatia,HRV,2009,21.234951
Croatia,HRV,2010,19.633938
Croatia,HRV,2011,19.147919
Croatia,HRV,2012,33.958138
Croatia,HRV,2013,30.836502
Croatia,HRV,2014,14.232412
Croatia,HRV,2015,26.125257
Croatia,HRV,2016,27.825502
Croatia,HRV,2017,24.543253
Croatia,HRV,2018,39.69919
Croatia,HRV,2019,35.060223
Croatia,HRV,2020,36.331165
Croatia,HRV,2021,36.356182
Croatia,HRV,2022,35.71995
Croatia,HRV,2023,28.3936
Cyprus,CYP,1990,17.43656
Cyprus,CYP,1991,8.772172
Cyprus,CYP,1992,12.480883
Cyprus,CYP,1993,3.9093714
Cyprus,CYP,1994,2.097091
Cyprus,CYP,1995,7.155675
Cyprus,CYP,1996,-1.7245346
Cyprus,CYP,1997,-6.944006
Cyprus,CYP,1998,-4.3584223
Cyprus,CYP,1999,-2.628765
Cyprus,CYP,2000,12.250402
Cyprus,CYP,2001,13.280083
Cyprus,CYP,2002,16.191309
Cyprus,CYP,2003,16.163425
Cyprus,CYP,2004,11.973634
Cyprus,CYP,2005,10.484249
Cyprus,CYP,2006,13.590507
Cyprus,CYP,2007,16.223127
Cyprus,CYP,2008,25.098358
Cyprus,CYP,2009,27.082262
Cyprus,CYP,2010,30.498594
Cyprus,CYP,2011,30.26009
Cyprus,CYP,2012,21.722075
Cyprus,CYP,2013,15.911095
Cyprus,CYP,2014,21.45361
Cyprus,CYP,2015,16.739279
Cyprus,CYP,2016,20.617458
Cyprus,CYP,2017,28.753714
Cyprus,CYP,2018,28.870226
Cyprus,CYP,2019,26.363993
Cyprus,CYP,2020,18.85822
Cyprus,CYP,2021,23.83545
Cyprus,CYP,2022,25.623758
Cyprus,CYP,2023,19.981735
Czechia,CZE,1990,-7.802085
Czechia,CZE,1991,-10.560351
Czechia,CZE,1992,0.22494276
Czechia,CZE,1993,-5.8426046
Czechia,CZE,1994,-4.281777
Czechia,CZE,1995,-4.8203745
Czechia,CZE,1996,-8.868217
Czechia,CZE,1997,-10.322212
Czechia,CZE,1998,-8.569313
Czechia,CZE,1999,-5.494764
Czechia,CZE,2000,-6.8656516
Czechia,CZE,2001,-5.82877
Czechia,CZE,2002,-2.689348
Czechia,CZE,2003,-4.2405024
Czechia,CZE,2004,-9.229096
Czechia,CZE,2005,-11.3436775
Czechia,CZE,2006,-8.398938
Czechia,CZE,2007,-2.793595
Czechia,CZE,2008,4.0309215
Czechia,CZE,2009,0.8113761
Czechia,CZE,2010,5.344885
Czechia,CZE,2011,3.9699132
Czechia,CZE,2012,-1.2845879
Czechia,CZE,2013,3.2133493
Czechia,CZE,2014,0.97859627
Czechia,CZE,2015,2.4040453
Czechia,CZE,2016,1.2023659
Czechia,CZE,2017,3.4374692
Czechia,CZE,2018,8.45168
Czechia,CZE,2019,9.813138
Czechia,CZE,2020,11.051826
Czechia,CZE,2021,14.64148
Czechia,CZE,2022,17.227291
Czechia,CZE,2023,20.176373
Denmark,DNK,1990,13.589415
Denmark,DNK,1991,2.1842237
Denmark,DNK,1992,15.992272
Denmark,DNK,1993,8.997164
Denmark,DNK,1994,5.8633556
Denmark,DNK,1995,10.310044
Denmark,DNK,1996,-0.71773905
Denmark,DNK,1997,4.3764844
Denmark,DNK,1998,12.037173
Denmark,DNK,1999,22.987906
Denmark,DNK,2000,25.480597
Denmark,DNK,2001,20.459858
Denmark,DNK,2002,21.0458
Denmark,DNK,2003,11.811774
Denmark,DNK,2004,24.066088
Denmark,DNK,2005,30.477886
Denmark,DNK,2006,24.676687
Denmark,DNK,2007,31.147581
Denmark,DNK,2008,37.049145
Denmark,DNK,2009,35.84205
Denmark,DNK,2010,36.423153
Denmark,DNK,2011,45.957924
Denmark,DNK,2012,46.79045
Denmark,DNK,2013,35.774014
Denmark,DNK,2014,47.59929
Denmark,DNK,2015,51.437237
Denmark,DNK,2016,48.787827
Denmark,DNK,2017,58.692245
Denmark,DNK,2018,64.34849
Denmark,DNK,2019,71.319695
Denmark,DNK,2020,70.86042
Denmark,DNK,2021,81.09766
Denmark,DNK,2022,80.86752
Denmark,DNK,2023,71.58999
Dominican Republic,DOM,1990,-30.619635
Dominican Republic,DOM,1991,-29.307251
Dominican Republic,DOM,1992,-26.92332
Dominican Republic,DOM,1993,-26.882124
Dominican Republic,DOM,1994,-26.897366
Dominican Republic,DOM,1995,-26.592897
Dominican Republic,DOM,1996,-26.476307
Dominican Republic,DOM,1997,-27.005484
Dominican Republic,DOM,1998,-25.972624
Dominican Republic,DOM,1999,-35.67317
Dominican Republic,DOM,2000,-35.783607
Dominican Republic,DOM,2001,98.88871
Dominican Republic,DOM,2002,40.547737
Dominican Republic,DOM,2003,51.690933
Dominican Republic,DOM,2004,68.214134
Dominican Republic,DOM,2005,99.24788
Dominican Republic,DOM,2006,108.89763
Dominican Republic,DOM,2007,63.875587
Dominican Republic,DOM,2008,53.74637
Dominican Republic,DOM,2009,153.60281
Dominican Republic,DOM,2010,184.28348
Dominican Republic,DOM,2011,141.35507
Dominican Republic,DOM,2012,127.174934
Dominican Republic,DOM,2013,122.223526
Dominican Republic,DOM,2014,62.02541
Dominican Republic,DOM,2015,68.57804
Dominican Republic,DOM,2016,38.508305
Dominican Republic,DOM,2017,43.3579
Dominican Republic,DOM,2018,39.247658
Dominican Republic,DOM,2019,31.248594
Dominican Republic,DOM,2020,30.03235
Dominican Republic,DOM,2021,29.900402
Dominican Republic,DOM,2022,30.920515
Dominican Republic,DOM,2023,27.050484
Ecuador,ECU,1990,-9.765064
Ecuador,ECU,1991,-10.203125
Ecuador,ECU,1992,-16.504076
Ecuador,ECU,1993,-12.413919
Ecuador,ECU,1994,-1.3513025
Ecuador,ECU,1995,-11.4883995
Ecuador,ECU,1996,-15.046404
Ecuador,ECU,1997,-6.376749
Ecuador,ECU,1998,-0.78730977
Ecuador,ECU,1999,-10.705025
Ecuador,ECU,2000,-12.640615
Ecuador,ECU,2001,0.7606078
Ecuador,ECU,2002,3.4061291
Ecuador,ECU,2003,5.568384
Ecuador,ECU,2004,5.33168
Ecuador,ECU,2005,6.4475937
Ecuador,ECU,2006,14.10912
Ecuador,ECU,2007,10.721416
Ecuador,ECU,2008,17.35574
Ecuador,ECU,2009,6.099206
Ecuador,ECU,2010,6.0104947
Ecuador,ECU,2011,7.3265314
Ecuador,ECU,2012,9.207206
Ecuador,ECU,2013,11.261386
Ecuador,ECU,2014,8.51744
Ecuador,ECU,2015,11.692952
Ecuador,ECU,2016,3.9546492
Ecuador,ECU,2017,11.664321
Ecuador,ECU,2018,16.479822
Ecuador,ECU,2019,15.962066
Ecuador,ECU,2020,15.773511
Ecuador,ECU,2021,14.7902155
Ecuador,ECU,2022,11.956672
Ecuador,ECU,2023,9.637083
Egypt,EGY,1990,8.682052
Egypt,EGY,1991,0.6741247
Egypt,EGY,1992,8.635257
Egypt,EGY,1993,0.75154513
Egypt,EGY,1994,3.5975728
Egypt,EGY,1995,2.270148
Egypt,EGY,1996,4.7640157
Egypt,EGY,1997,0.84425634
Egypt,EGY,1998,2.614931
Egypt,EGY,1999,1.7614121
Egypt,EGY,2000,-5.21023
Egypt,EGY,2001,-6.617216
Egypt,EGY,2002,-6.6085157
Egypt,EGY,2003,-8.41982
Egypt,EGY,2004,-13.351483
Egypt,EGY,2005,-11.512714
Egypt,EGY,2006,-10.094203
Egypt,EGY,2007,-7.815978
Egypt,EGY,2008,-5.997278
Egypt,EGY,2009,-2.902731
Egypt,EGY,2010,-0.049759194
Egypt,EGY,2011,-1.6947762
Egypt,EGY,2012,5.1699796
Egypt,EGY,2013,2.4235973
Egypt,EGY,2014,8.282979
Egypt,EGY,2015,14.263032
Egypt,EGY,2016,10.704507
Egypt,EGY,2017,2.761953
Egypt,EGY,2018,4.2800927
Egypt,EGY,2019,5.2595024
Egypt,EGY,2020,5.540108
Egypt,EGY,2021,9.193206
Egypt,EGY,2022,7.118994
Egypt,EGY,2023,1.2779593
El Salvador,SLV,1990,56.00545
El Salvador,SLV,1991,42.295452
El Salvador,SLV,1992,44.12759
El Salvador,SLV,1993,31.049042
El Salvador,SLV,1994,27.658768
El Salvador,SLV,1995,26.655115
El Salvador,SLV,1996,33.617653
El Salvador,SLV,1997,27.247091
El Salvador,SLV,1998,36.681293
El Salvador,SLV,1999,32.502117
El Salvador,SLV,2000,49.104866
El Salvador,SLV,2001,43.392876
El Salvador,SLV,2002,38.17268
El Salvador,SLV,2003,38.86203
El Salvador,SLV,2004,35.883667
El Salvador,SLV,2005,38.460716
El Salvador,SLV,2006,47.14149
El Salvador,SLV,2007,43.83186
El Salvador,SLV,2008,47.08075
El Salvador,SLV,2009,28.517511
El Salvador,SLV,2010,26.412346
El Salvador,SLV,2011,33.87459
El Salvador,SLV,2012,29.822353
El Salvador,SLV,2013,41.480164
El Salvador,SLV,2014,40.93879
El Salvador,SLV,2015,37.32479
El Salvador,SLV,2016,42.075947
El Salvador,SLV,2017,47.446754
El Salvador,SLV,2018,53.309433
El Salvador,SLV,2019,38.526623
El Salvador,SLV,2020,47.228085
El Salvador,SLV,2021,45.385628
El Salvador,SLV,2022,39.09809
El Salvador,SLV,2023,29.821085
Estonia,EST,1990,-15.381756
Estonia,EST,1991,-12.894111
Estonia,EST,1992,-5.262522
Estonia,EST,1993,-10.46054
Estonia,EST,1994,-18.88842
Estonia,EST,1995,-15.1584425
Estonia,EST,1996,-16.069138
Estonia,EST,1997,-16.220884
Estonia,EST,1998,-6.2392955
Estonia,EST,1999,28.443775
Estonia,EST,2000,36.532406
Estonia,EST,2001,21.74245
Estonia,EST,2002,32.996677
Estonia,EST,2003,24.064983
Estonia,EST,2004,25.17437
Estonia,EST,2005,18.582111
Estonia,EST,2006,37.00578
Estonia,EST,2007,11.246025
Estonia,EST,2008,1.9671954
Estonia,EST,2009,-0.2856372
Estonia,EST,2010,-6.2148714
Estonia,EST,2011,7.7407637
Estonia,EST,2012,8.200934
Estonia,EST,2013,-10.024488
Estonia,EST,2014,-4.932093
Estonia,EST,2015,8.575367
Estonia,EST,2016,-1.8618578
Estonia,EST,2017,-7.900564
Estonia,EST,2018,4.0933475
Estonia,EST,2019,24.144836
Estonia,EST,2020,40.597473
Estonia,EST,2021,37.693783
Estonia,EST,2022,22.331316
Estonia,EST,2023,43.924156
Ethiopia,ETH,1990,1.0249181
Ethiopia,ETH,1991,1.5370857
Ethiopia,ETH,1992,3.038057
Ethiopia,ETH,1993,1.8155509
Ethiopia,ETH,1994,2.8232284
Ethiopia,ETH,1995,0.43858564
Ethiopia,ETH,1996,40.013836
Ethiopia,ETH,1997,-0.073544756
Ethiopia,ETH,1998,-0.26920444
Ethiopia,ETH,1999,40.036297
Ethiopia,ETH,2000,55.377964
Ethiopia,ETH,2001,35.189335
Ethiopia,ETH,2002,-11.331701
Ethiopia,ETH,2003,-21.073019
Ethiopia,ETH,2004,-25.934347
Ethiopia,ETH,2005,-23.226116
Ethiopia,ETH,2006,-18.707115
Ethiopia,ETH,2007,-20.70681
Ethiopia,ETH,2008,-19.418024
Ethiopia,ETH,2009,-11.906812
Ethiopia,ETH,2010,-19.799679
Ethiopia,ETH,2011,-23.938183
Ethiopia,ETH,2012,-10.980681
Ethiopia,ETH,2013,-16.374578
Ethiopia,ETH,2014,-12.459192
Ethiopia,ETH,2015,-10.476794
Ethiopia,ETH,2016,-9.817681
Ethiopia,ETH,2017,40.795113
Ethiopia,ETH,2018,27.515125
Ethiopia,ETH,2019,25.247204
Ethiopia,ETH,2020,25.210697
Ethiopia,ETH,2021,27.162289
Ethiopia,ETH,2022,31.665577
Ethiopia,ETH,2023,32.302814
Europe,OWID_EUR,1990,-3.6815188
Europe,OWID_EUR,1991,-1.6473202
Europe,OWID_EUR,1992,-7.5019155
Europe,OWID_EUR,1993,-4.379024
Europe,OWID_EUR,1994,-1.3264453
Europe,OWID_EUR,1995,-1.0046148
Europe,OWID_EUR,1996,0.43436843
Europe,OWID_EUR,1997,0.04381718
Europe,OWID_EUR,1998,-0.08502126
Europe,OWID_EUR,1999,0.49654165
Europe,OWID_EUR,2000,2.0239403
Europe,OWID_EUR,2001,2.4423904
Europe,OWID_EUR,2002,2.684338
Europe,OWID_EUR,2003,5.1661954
Europe,OWID_EUR,2004,6.149454
Europe,OWID_EUR,2005,7.9630017
Europe,OWID_EUR,2006,8.663384
Europe,OWID_EUR,2007,11.328993
Europe,OWID_EUR,2008,11.882238
Europe,OWID_EUR,2009,10.68832
Europe,OWID_EUR,2010,11.082479
Europe,OWID_EUR,2011,10.281632
Europe,OWID_EUR,2012,8.573659
Europe,OWID_EUR,2013,8.780958
Europe,OWID_EUR,2014,8.7646675
Europe,OWID_EUR,2015,5.758763
Europe,OWID_EUR,2016,7.6873713
Europe,OWID_EUR,2017,7.2972016
Europe,OWID_EUR,2018,7.5676093
Europe,OWID_EUR,2019,8.153427
Europe,OWID_EUR,2020,8.408662
Europe,OWID_EUR,2021,9.591373
Europe,OWID_EUR,2022,12.873493
Europe,OWID_EUR,2023,14.31674
Europe (excl. EU-27),,1990,-18.851866
Europe (excl. EU-27),,1991,-14.540838
Europe (excl. EU-27),,1992,-40.665047
Europe (excl. EU-27),,1993,-29.118847
Europe (excl. EU-27),,1994,-22.370758
Europe (excl. EU-27),,1995,-22.565895
Europe (excl. EU-27),,1996,-14.125907
Europe (excl. EU-27),,1997,-13.223663
Europe (excl. EU-27),,1998,-17.283972
Europe (excl. EU-27),,1999,-19.648247
Europe (excl. EU-27),,2000,-18.6826
Europe (excl. EU-27),,2001,-14.747848
Europe (excl. EU-27),,2002,-13.938251
Europe (excl. EU-27),,2003,-11.478906
Europe (excl. EU-27),,2004,-11.096483
Europe (excl. EU-27),,2005,-10.180504
Europe (excl. EU-27),,2006,-10.218065
Europe (excl. EU-27),,2007,-6.465641
Europe (excl. EU-27),,2008,-7.233216
Europe (excl. EU-27),,2009,-7.9426146
Europe (excl. EU-27),,2010,-8.415785
Europe (excl. EU-27),,2011,-8.253444
Europe (excl. EU-27),,2012,-4.1774707
Europe (excl. EU-27),,2013,-4.5646963
Europe (excl. EU-27),,2014,-5.2965245
Europe (excl. EU-27),,2015,-7.994141
Europe (excl. EU-27),,2016,-6.5945425
Europe (excl. EU-27),,2017,-7.682994
Europe (excl. EU-27),,2018,-11.684812
Europe (excl. EU-27),,2019,-10.318109
Europe (excl. EU-27),,2020,-9.452908
Europe (excl. EU-27),,2021,-10.783453
Europe (excl. EU-27),,2022,-7.3689313
Europe (excl. EU-27),,2023,-4.892469
Europe (excl. EU-28),,1990,-23.829569
Europe (excl. EU-28),,1991,-19.238384
Europe (excl. EU-28),,1992,-53.04748
Europe (excl. EU-28),,1993,-38.64823
Europe (excl. EU-28),,1994,-31.37813
Europe (excl. EU-28),,1995,-31.993687
Europe (excl. EU-28),,1996,-21.972874
Europe (excl. EU-28),,1997,-21.667213
Europe (excl. EU-28),,1998,-28.217182
Europe (excl. EU-28),,1999,-31.47878
Europe (excl. EU-28),,2000,-32.598305
Europe (excl. EU-28),,2001,-26.30848
Europe (excl. EU-28),,2002,-26.374334
Europe (excl. EU-28),,2003,-23.817385
Europe (excl. EU-28),,2004,-23.693893
Europe (excl. EU-28),,2005,-22.125456
Europe (excl. EU-28),,2006,-21.852015
Europe (excl. EU-28),,2007,-17.388403
Europe (excl. EU-28),,2008,-17.338652
Europe (excl. EU-28),,2009,-16.981035
Europe (excl. EU-28),,2010,-18.41256
Europe (excl. EU-28),,2011,-16.959532
Europe (excl. EU-28),,2012,-11.876843
Europe (excl. EU-28),,2013,-12.295886
Europe (excl. EU-28),,2014,-14.17963
Europe (excl. EU-28),,2015,-17.932337
Europe (excl. EU-28),,2016,-16.559174
Europe (excl. EU-28),,2017,-17.122065
Europe (excl. EU-28),,2018,-21.292265
Europe (excl. EU-28),,2019,-19.435375
Europe (excl. EU-28),,2020,-17.871822
Europe (excl. EU-28),,2021,-20.783743
Europe (excl. EU-28),,2022,-17.848589
Europe (excl. EU-28),,2023,-14.171598
European Union (27),OWID_EU27,1990,12.658439
European Union (27),OWID_EU27,1991,11.689381
European Union (27),OWID_EU27,1992,23.30612
European Union (27),OWID_EU27,1993,17.550478
European Union (27),OWID_EU27,1994,15.420197
European Union (27),OWID_EU27,1995,15.52004
European Union (27),OWID_EU27,1996,11.201071
European Union (27),OWID_EU27,1997,9.5273
European Union (27),OWID_EU27,1998,12.165258
European Union (27),OWID_EU27,1999,14.907221
European Union (27),OWID_EU27,2000,16.718687
European Union (27),OWID_EU27,2001,14.785097
European Union (27),OWID_EU27,2002,14.465055
European Union (27),OWID_EU27,2003,16.992643
European Union (27),OWID_EU27,2004,18.477865
European Union (27),OWID_EU27,2005,21.045443
European Union (27),OWID_EU27,2006,22.639366
European Union (27),OWID_EU27,2007,24.650764
European Union (27),OWID_EU27,2008,26.545881
European Union (27),OWID_EU27,2009,25.023706
European Union (27),OWID_EU27,2010,26.416725
European Union (27),OWID_EU27,2011,25.419643
European Union (27),OWID_EU27,2012,19.295355
European Union (27),OWID_EU27,2013,19.971502
European Union (27),OWID_EU27,2014,20.65764
European Union (27),OWID_EU27,2015,16.950449
European Union (27),OWID_EU27,2016,19.241756
European Union (27),OWID_EU27,2017,19.37356
European Union (27),OWID_EU27,2018,23.757305
European Union (27),OWID_EU27,2019,24.255123
European Union (27),OWID_EU27,2020,24.717121
European Union (27),OWID_EU27,2021,27.511646
European Union (27),OWID_EU27,2022,30.318333
European Union (27),OWID_EU27,2023,32.885475
European Union (28),,1990,12.38708
European Union (28),,1991,11.607471
European Union (28),,1992,22.595161
European Union (28),,1993,17.050026
European Union (28),,1994,15.147766
European Union (28),,1995,15.370294
European Union (28),,1996,11.69422
European Union (28),,1997,10.594977
European Union (28),,1998,13.452449
European Union (28),,1999,15.948579
European Union (28),,2000,18.515799
European Union (28),,2001,16.344774
European Union (28),,2002,16.682827
European Union (28),,2003,19.180977
European Union (28),,2004,20.685066
European Union (28),,2005,22.79829
European Union (28),,2006,24.270388
European Union (28),,2007,26.234083
European Union (28),,2008,27.551264
European Union (28),,2009,25.6531
European Union (28),,2010,27.426146
European Union (28),,2011,26.40755
European Union (28),,2012,20.870438
European Union (28),,2013,21.389421
European Union (28),,2014,22.82727
European Union (28),,2015,19.876806
European Union (28),,2016,22.28897
European Union (28),,2017,22.109632
European Union (28),,2018,25.953243
European Union (28),,2019,26.442146
European Union (28),,2020,26.849842
European Union (28),,2021,30.089962
European Union (28),,2022,33.51139
European Union (28),,2023,35.6799
Finland,FIN,1990,55.70581
Finland,FIN,1991,46.7668
Finland,FIN,1992,91.71146
Finland,FIN,1993,56.93497
Finland,FIN,1994,35.91506
Finland,FIN,1995,40.207302
Finland,FIN,1996,18.383549
Finland,FIN,1997,9.865135
Finland,FIN,1998,16.626059
Finland,FIN,1999,23.046425
Finland,FIN,2000,36.75795
Finland,FIN,2001,28.7352
Finland,FIN,2002,23.815996
Finland,FIN,2003,25.294931
Finland,FIN,2004,26.804628
Finland,FIN,2005,46.372272
Finland,FIN,2006,32.099323
Finland,FIN,2007,33.84593
Finland,FIN,2008,43.69433
Finland,FIN,2009,33.021614
Finland,FIN,2010,36.050034
Finland,FIN,2011,30.132261
Finland,FIN,2012,37.8691
Finland,FIN,2013,30.441486
Finland,FIN,2014,31.039637
Finland,FIN,2015,27.752533
Finland,FIN,2016,25.30993
Finland,FIN,2017,32.829586
Finland,FIN,2018,34.393726
Finland,FIN,2019,33.318256
Finland,FIN,2020,35.560276
Finland,FIN,2021,44.889095
Finland,FIN,2022,45.20909
Finland,FIN,2023,49.25638
France,FRA,1990,22.908136
France,FRA,1991,19.281914
France,FRA,1992,30.731308
France,FRA,1993,27.42713
France,FRA,1994,27.678425
France,FRA,1995,29.118973
France,FRA,1996,24.262293
France,FRA,1997,20.641582
France,FRA,1998,21.287182
France,FRA,1999,22.539091
France,FRA,2000,26.036013
France,FRA,2001,24.060266
France,FRA,2002,24.134779
France,FRA,2003,24.996721
France,FRA,2004,29.15558
France,FRA,2005,31.019463
France,FRA,2006,33.810383
France,FRA,2007,37.432575
France,FRA,2008,39.339985
France,FRA,2009,37.892597
France,FRA,2010,35.53657
France,FRA,2011,43.49427
France,FRA,2012,33.91541
France,FRA,2013,34.26538
France,FRA,2014,36.885155
France,FRA,2015,30.880333
France,FRA,2016,35.61171
France,FRA,2017,33.883495
France,FRA,2018,41.153267
France,FRA,2019,39.93477
France,FRA,2020,41.717896
France,FRA,2021,43.25857
France,FRA,2022,48.135334
France,FRA,2023,50.729187
Georgia,GEO,1990,-34.74404
Georgia,GEO,1991,-26.081734
Georgia,GEO,1992,-35.128708
Georgia,GEO,1993,-16.955036
Georgia,GEO,1994,-16.96764
Georgia,GEO,1995,1.0560379
Georgia,GEO,1996,110.07989
Georgia,GEO,1997,72.088264
Georgia,GEO,1998,45.440136
Georgia,GEO,1999,42.699524
Georgia,GEO,2000,31.530869
Georgia,GEO,2001,42.32859
Georgia,GEO,2002,50.1389
Georgia,GEO,2003,55.011158
Georgia,GEO,2004,63.86844
Georgia,GEO,2005,63.536606
Georgia,GEO,2006,41.529907
Georgia,GEO,2007,56.391335
Georgia,GEO,2008,64.46447
Georgia,GEO,2009,31.876167
Georgia,GEO,2010,38.108253
Georgia,GEO,2011,36.27429
Georgia,GEO,2012,34.7493
Georgia,GEO,2013,34.5884
Georgia,GEO,2014,29.960138
Georgia,GEO,2015,28.182467
Georgia,GEO,2016,31.29582
Georgia,GEO,2017,28.39666
Georgia,GEO,2018,44.21988
Georgia,GEO,2019,33.03266
Georgia,GEO,2020,37.000576
Georgia,GEO,2021,43.616913
Georgia,GEO,2022,32.63677
Georgia,GEO,2023,28.88529
Germany,DEU,1990,13.769555
Germany,DEU,1991,12.950733
Germany,DEU,1992,27.509207
Germany,DEU,1993,22.933165
Germany,DEU,1994,21.713753
Germany,DEU,1995,22.56225
Germany,DEU,1996,18.284582
Germany,DEU,1997,15.7256975
Germany,DEU,1998,18.387611
Germany,DEU,1999,22.101149
Germany,DEU,2000,22.436527
Germany,DEU,2001,19.882824
Germany,DEU,2002,14.934857
Germany,DEU,2003,18.064747
Germany,DEU,2004,18.332228
Germany,DEU,2005,20.4387
Germany,DEU,2006,18.169498
Germany,DEU,2007,22.345592
Germany,DEU,2008,21.041311
Germany,DEU,2009,24.054897
Germany,DEU,2010,24.23811
Germany,DEU,2011,22.92402
Germany,DEU,2012,14.498212
Germany,DEU,2013,11.759943
Germany,DEU,2014,14.527089
Germany,DEU,2015,12.323801
Germany,DEU,2016,14.058184
Germany,DEU,2017,14.9370775
Germany,DEU,2018,17.577038
Germany,DEU,2019,19.43886
Germany,DEU,2020,20.15632
Germany,DEU,2021,23.020132
Germany,DEU,2022,25.600363
Germany,DEU,2023,29.424902
Ghana,GHA,1990,28.7493
Ghana,GHA,1991,26.575928
Ghana,GHA,1992,34.17948
Ghana,GHA,1993,28.383442
Ghana,GHA,1994,24.684517
Ghana,GHA,1995,26.0442
Ghana,GHA,1996,40.238613
Ghana,GHA,1997,118.07892
Ghana,GHA,1998,69.7931
Ghana,GHA,1999,46.659313
Ghana,GHA,2000,40.659153
Ghana,GHA,2001,37.888783
Ghana,GHA,2002,25.69076
Ghana,GHA,2003,50.098785
Ghana,GHA,2004,53.578968
Ghana,GHA,2005,76.48457
Ghana,GHA,2006,51.000168
Ghana,GHA,2007,57.947514
Ghana,GHA,2008,73.18129
Ghana,GHA,2009,82.42624
Ghana,GHA,2010,64.27449
Ghana,GHA,2011,79.03584
Ghana,GHA,2012,78.13487
Ghana,GHA,2013,72.06169
Ghana,GHA,2014,64.95175
Ghana,GHA,2015,56.46613
Ghana,GHA,2016,57.121872
Ghana,GHA,2017,62.69027
Ghana,GHA,2018,42.181084
Ghana,GHA,2019,33.174343
Ghana,GHA,2020,25.04539
Ghana,GHA,2021,29.858524
Ghana,GHA,2022,29.89795
Ghana,GHA,2023,30.976704
Greece,GRC,1990,13.620457
Greece,GRC,1991,12.326588
Greece,GRC,1992,22.023699
Greece,GRC,1993,16.80987
Greece,GRC,1994,13.647011
Greece,GRC,1995,14.257708
Greece,GRC,1996,12.633566
Greece,GRC,1997,8.217514
Greece,GRC,1998,7.014074
Greece,GRC,1999,5.5310907
Greece,GRC,2000,4.114238
Greece,GRC,2001,2.953057
Greece,GRC,2002,6.35014
Greece,GRC,2003,13.724339
Greece,GRC,2004,13.35604
Greece,GRC,2005,10.321871
Greece,GRC,2006,14.007886
Greece,GRC,2007,14.746105
Greece,GRC,2008,18.187044
Greece,GRC,2009,18.95304
Greece,GRC,2010,11.322176
Greece,GRC,2011,7.221552
Greece,GRC,2012,1.3393734
Greece,GRC,2013,2.774688
Greece,GRC,2014,2.0616488
Greece,GRC,2015,1.1603239
Greece,GRC,2016,6.3271422
Greece,GRC,2017,5.2759533
Greece,GRC,2018,13.420452
Greece,GRC,2019,14.569575
Greece,GRC,2020,23.403164
Greece,GRC,2021,24.416935
Greece,GRC,2022,23.826675
Greece,GRC,2023,29.241945
Guatemala,GTM,1990,-10.327332
Guatemala,GTM,1991,-10.442725
Guatemala,GTM,1992,-1.6992431
Guatemala,GTM,1993,-6.791516
Guatemala,GTM,1994,-11.081247
Guatemala,GTM,1995,-13.201373
Guatemala,GTM,1996,-15.333588
Guatemala,GTM,1997,-15.938709
Guatemala,GTM,1998,-16.089045
Guatemala,GTM,1999,-14.393359
Guatemala,GTM,2000,152.76833
Guatemala,GTM,2001,-14.572877
Guatemala,GTM,2002,-13.446279
Guatemala,GTM,2003,-13.278497
Guatemala,GTM,2004,-13.259041
Guatemala,GTM,2005,-15.044501
Guatemala,GTM,2006,-6.6069527
Guatemala,GTM,2007,-8.894184
Guatemala,GTM,2008,-7.110407
Guatemala,GTM,2009,-12.31587
Guatemala,GTM,2010,-3.2228937
Guatemala,GTM,2011,-14.203964
Guatemala,GTM,2012,-12.518653
Guatemala,GTM,2013,-16.786333
Guatemala,GTM,2014,-18.10437
Guatemala,GTM,2015,-16.029804
Guatemala,GTM,2016,-18.150295
Guatemala,GTM,2017,-11.026672
Guatemala,GTM,2018,30.939878
Guatemala,GTM,2019,27.771494
Guatemala,GTM,2020,27.920048
Guatemala,GTM,2021,26.024158
Guatemala,GTM,2022,31.201244
Guatemala,GTM,2023,28.949049
Guinea,GIN,1990,32.313686
Guinea,GIN,1991,29.657303
Guinea,GIN,1992,30.399742
Guinea,GIN,1993,26.688213
Guinea,GIN,1994,28.302044
Guinea,GIN,1995,31.54491
Guinea,GIN,1996,9.579093
Guinea,GIN,1997,3.473828
Guinea,GIN,1998,-0.4340606
Guinea,GIN,1999,-13.888429
Guinea,GIN,2000,-12.123454
Guinea,GIN,2001,-19.769861
Guinea,GIN,2002,-19.945173
Guinea,GIN,2003,58.14298
Guinea,GIN,2004,-10.432377
Guinea,GIN,2005,-12.137232
Guinea,GIN,2006,-20.303097
Guinea,GIN,2007,-19.444767
Guinea,GIN,2008,-15.733177
Guinea,GIN,2009,37.258286
Guinea,GIN,2010,43.75662
Guinea,GIN,2011,55.28805
Guinea,GIN,2012,59.958927
Guinea,GIN,2013,-16.656023
Guinea,GIN,2014,-19.674019
Guinea,GIN,2015,-14.805512
Guinea,GIN,2016,100.618935
Guinea,GIN,2017,30.31345
Guinea,GIN,2018,53.13874
Guinea,GIN,2019,49.21246
Guinea,GIN,2020,34.401665
Guinea,GIN,2021,43.700527
Guinea,GIN,2022,57.716015
Guinea,GIN,2023,65.12449
High-income countries,OWID_HIC,1990,1.8487364
High-income countries,OWID_HIC,1991,-0.70951015
High-income countries,OWID_HIC,1992,1.5081186
High-income countries,OWID_HIC,1993,1.7259014
High-income countries,OWID_HIC,1994,3.2759652
High-income countries,OWID_HIC,1995,3.706623
High-income countries,OWID_HIC,1996,3.1555347
High-income countries,OWID_HIC,1997,3.764708
High-income countries,OWID_HIC,1998,3.9935224
High-income countries,OWID_HIC,1999,4.068609
High-income countries,OWID_HIC,2000,5.388046
High-income countries,OWID_HIC,2001,5.2669334
High-income countries,OWID_HIC,2002,6.055164
High-income countries,OWID_HIC,2003,8.0014515
High-income countries,OWID_HIC,2004,8.868905
High-income countries,OWID_HIC,2005,10.261385
High-income countries,OWID_HIC,2006,10.817047
High-income countries,OWID_HIC,2007,10.500577
High-income countries,OWID_HIC,2008,10.739737
High-income countries,OWID_HIC,2009,8.887997
High-income countries,OWID_HIC,2010,9.280498
High-income countries,OWID_HIC,2011,9.611703
High-income countries,OWID_HIC,2012,8.9057665
High-income countries,OWID_HIC,2013,8.669331
High-income countries,OWID_HIC,2014,8.932025
High-income countries,OWID_HIC,2015,7.520827
High-income countries,OWID_HIC,2016,7.950419
High-income countries,OWID_HIC,2017,7.822812
High-income countries,OWID_HIC,2018,8.059563
High-income countries,OWID_HIC,2019,8.442584
High-income countries,OWID_HIC,2020,9.638678
High-income countries,OWID_HIC,2021,10.541293
High-income countries,OWID_HIC,2022,12.065086
High-income countries,OWID_HIC,2023,12.733937
Honduras,HND,1990,-26.767061
Honduras,HND,1991,-25.541187
Honduras,HND,1992,-19.306234
Honduras,HND,1993,-23.63537
Honduras,HND,1994,-29.16544
Honduras,HND,1995,-33.380768
Honduras,HND,1996,-36.27518
Honduras,HND,1997,-35.24077
Honduras,HND,1998,-36.352425
Honduras,HND,1999,-28.378895
Honduras,HND,2000,-23.241346
Honduras,HND,2001,-26.272367
Honduras,HND,2002,-27.610497
Honduras,HND,2003,-18.266607
Honduras,HND,2004,-20.01266
Honduras,HND,2005,-21.423075
Honduras,HND,2006,-16.830067
Honduras,HND,2007,-17.337595
Honduras,HND,2008,74.05701
Honduras,HND,2009,-13.326092
Honduras,HND,2010,-17.17742
Honduras,HND,2011,-24.04203
Honduras,HND,2012,-24.05123
Honduras,HND,2013,91.103485
Honduras,HND,2014,-24.607182
Honduras,HND,2015,-23.162268
Honduras,HND,2016,-19.773403
Honduras,HND,2017,-19.1306
Honduras,HND,2018,-17.570526
Honduras,HND,2019,-17.292274
Honduras,HND,2020,-16.264954
Honduras,HND,2021,-16.661474
Honduras,HND,2022,-17.40848
Honduras,HND,2023,-15.688636
Hong Kong,HKG,1990,127.30998
Hong Kong,HKG,1991,129.35184
Hong Kong,HKG,1992,118.2687
Hong Kong,HKG,1993,101.897
Hong Kong,HKG,1994,162.64006
Hong Kong,HKG,1995,173.64612
Hong Kong,HKG,1996,183.63625
Hong Kong,HKG,1997,208.50536
Hong Kong,HKG,1998,113.71072
Hong Kong,HKG,1999,90.31476
Hong Kong,HKG,2000,121.26576
Hong Kong,HKG,2001,115.98465
Hong Kong,HKG,2002,100.08705
Hong Kong,HKG,2003,120.89034
Hong Kong,HKG,2004,128.61272
Hong Kong,HKG,2005,136.01973
Hong Kong,HKG,2006,142.46025
Hong Kong,HKG,2007,129.61247
Hong Kong,HKG,2008,125.566
Hong Kong,HKG,2009,93.38623
Hong Kong,HKG,2010,125.07319
Hong Kong,HKG,2011,160.63446
Hong Kong,HKG,2012,206.0288
Hong Kong,HKG,2013,243.49565
Hong Kong,HKG,2014,220.53859
Hong Kong,HKG,2015,162.00667
Hong Kong,HKG,2016,182.9684
Hong Kong,HKG,2017,196.53938
Hong Kong,HKG,2018,191.73827
Hong Kong,HKG,2019,195.26466
Hong Kong,HKG,2020,257.66873
Hong Kong,HKG,2021,294.70273
Hong Kong,HKG,2022,372.1126
Hong Kong,HKG,2023,337.42923
Hungary,HUN,1990,20.574259
Hungary,HUN,1991,16.313597
Hungary,HUN,1992,45.302887
Hungary,HUN,1993,32.19379
Hungary,HUN,1994,24.3416
Hungary,HUN,1995,19.491056
Hungary,HUN,1996,14.347123
Hungary,HUN,1997,22.435654
Hungary,HUN,1998,27.626041
Hungary,HUN,1999,17.408918
Hungary,HUN,2000,20.116047
Hungary,HUN,2001,22.69683
Hungary,HUN,2002,23.361044
Hungary,HUN,2003,40.263596
Hungary,HUN,2004,39.02896
Hungary,HUN,2005,47.9665
Hungary,HUN,2006,52.715942
Hungary,HUN,2007,66.510574
Hungary,HUN,2008,74.301315
Hungary,HUN,2009,31.340658
Hungary,HUN,2010,36.60597
Hungary,HUN,2011,39.833218
Hungary,HUN,2012,35.82697
Hungary,HUN,2013,36.74781
Hungary,HUN,2014,34.549973
Hungary,HUN,2015,27.440155
Hungary,HUN,2016,28.930593
Hungary,HUN,2017,33.379482
Hungary,HUN,2018,35.07951
Hungary,HUN,2019,32.37768
Hungary,HUN,2020,28.380098
Hungary,HUN,2021,35.338203
Hungary,HUN,2022,38.38453
Hungary,HUN,2023,40.610737
India,IND,1990,0.9284202
India,IND,1991,-1.8654476
India,IND,1992,0.2157408
India,IND,1993,-2.3914075
India,IND,1994,-3.038581
India,IND,1995,-4.1872325
India,IND,1996,-6.0750494
India,IND,1997,-6.463541
India,IND,1998,-7.044161
India,IND,1999,-4.0750923
India,IND,2000,-7.3644686
India,IND,2001,-7.9573183
India,IND,2002,-9.283142
India,IND,2003,-7.767341
India,IND,2004,-8.046329
India,IND,2005,-7.602058
India,IND,2006,-9.334611
India,IND,2007,-7.3479853
India,IND,2008,-7.888778
India,IND,2009,-5.6803565
India,IND,2010,-6.399796
India,IND,2011,-8.013692
India,IND,2012,-7.5200033
India,IND,2013,-17.915894
India,IND,2014,-15.696013
India,IND,2015,-12.132043
India,IND,2016,-14.89752
India,IND,2017,-12.925108
India,IND,2018,-13.723811
India,IND,2019,-13.169609
India,IND,2020,-13.934682
India,IND,2021,-15.836483
India,IND,2022,-17.347837
India,IND,2023,-16.963184
Indonesia,IDN,1990,-5.114145
Indonesia,IDN,1991,-8.111223
Indonesia,IDN,1992,-6.4396424
Indonesia,IDN,1993,-9.339236
Indonesia,IDN,1994,-8.829615
Indonesia,IDN,1995,-7.64903
Indonesia,IDN,1996,-9.831345
Indonesia,IDN,1997,-12.760106
Indonesia,IDN,1998,-39.104454
Indonesia,IDN,1999,-16.88501
Indonesia,IDN,2000,-14.286508
Indonesia,IDN,2001,-16.01313
Indonesia,IDN,2002,-10.405427
Indonesia,IDN,2003,-7.92367
Indonesia,IDN,2004,-7.2359266
Indonesia,IDN,2005,-6.78038
Indonesia,IDN,2006,-4.0683374
Indonesia,IDN,2007,-3.8954525
Indonesia,IDN,2008,2.2003808
Indonesia,IDN,2009,-3.1937993
Indonesia,IDN,2010,-2.2292938
Indonesia,IDN,2011,-1.7456726
Indonesia,IDN,2012,1.5483875
Indonesia,IDN,2013,3.2591307
Indonesia,IDN,2014,2.4052072
Indonesia,IDN,2015,-1.0395993
Indonesia,IDN,2016,0.094487116
Indonesia,IDN,2017,-0.60259485
Indonesia,IDN,2018,-0.08824812
Indonesia,IDN,2019,-0.12621018
Indonesia,IDN,2020,1.0469421
Indonesia,IDN,2021,-0.86136377
Indonesia,IDN,2022,-6.4369426
Indonesia,IDN,2023,-4.4848833
International aviation,,1990,-0.000008465769
International aviation,,1991,0
International aviation,,1992,0
International aviation,,1993,-0.0000070798164
International aviation,,1994,0.0000066658745
International aviation,,1995,0
International aviation,,1996,0
International aviation,,1997,-0.000011147
International aviation,,1998,0
International aviation,,1999,0
International aviation,,2000,0
International aviation,,2001,0.000009916631
International aviation,,2002,0
International aviation,,2003,0
International aviation,,2004,-0.000008282293
International aviation,,2005,-0.000007846875
International aviation,,2006,0
International aviation,,2007,-0.0000073346805
International aviation,,2008,0
International aviation,,2009,0
International aviation,,2010,0
International aviation,,2011,-0.000006862306
International aviation,,2012,0
International aviation,,2013,0
International aviation,,2014,0.0000064758874
International aviation,,2015,0.000006215479
International aviation,,2016,0
International aviation,,2017,0
International aviation,,2018,0
International aviation,,2019,0
International aviation,,2020,-0.0000061809587
International aviation,,2021,0
International aviation,,2022,0
International aviation,,2023,0.000006380658
International aviation,,2024,0.000011247026
International shipping,,1990,0
International shipping,,1991,0.000009266977
International shipping,,1992,0
International shipping,,1993,0
International shipping,,1994,0
International shipping,,1995,0
International shipping,,1996,0
International shipping,,1997,0.000007688414
International shipping,,1998,0
International shipping,,1999,0
International shipping,,2000,0
International shipping,,2001,0.0000070358624
International shipping,,2002,0
International shipping,,2003,0
International shipping,,2004,0.0000061883593
International shipping,,2005,-0.000006021584
International shipping,,2006,0.000011245724
International shipping,,2007,0
International shipping,,2008,-0.000010391297
International shipping,,2009,0
International shipping,,2010,0
International shipping,,2011,0
International shipping,,2012,-0.000010437851
International shipping,,2013,0
International shipping,,2014,0
International shipping,,2015,0
International shipping,,2016,0
International shipping,,2017,0
International shipping,,2018,0
International shipping,,2019,0
International shipping,,2020,0
International shipping,,2021,0.00001070853
International shipping,,2022,0
International shipping,,2023,0
International shipping,,2024,0
Iran,IRN,1990,-3.789841
Iran,IRN,1991,-4.0824165
Iran,IRN,1992,-3.8335903
Iran,IRN,1993,-10.178421
Iran,IRN,1994,-11.926214
Iran,IRN,1995,-8.475397
Iran,IRN,1996,-4.347776
Iran,IRN,1997,-7.328481
Iran,IRN,1998,-5.216619
Iran,IRN,1999,-18.537088
Iran,IRN,2000,-21.342884
Iran,IRN,2001,-19.819624
Iran,IRN,2002,-24.104958
Iran,IRN,2003,-12.295933
Iran,IRN,2004,-12.917597
Iran,IRN,2005,-15.135837
Iran,IRN,2006,-15.271814
Iran,IRN,2007,-4.756392
Iran,IRN,2008,-3.7753747
Iran,IRN,2009,-5.1594167
Iran,IRN,2010,-15.136289
Iran,IRN,2011,-16.212896
Iran,IRN,2012,-7.23287
Iran,IRN,2013,-20.333887
Iran,IRN,2014,-18.252039
Iran,IRN,2015,-8.50502
Iran,IRN,2016,-17.551758
Iran,IRN,2017,-18.463297
Iran,IRN,2018,-20.812386
Iran,IRN,2019,-15.477459
Iran,IRN,2020,-12.558338
Iran,IRN,2021,-14.995819
Iran,IRN,2022,-17.585394
Iran,IRN,2023,-15.334875
Ireland,IRL,1990,14.320882
Ireland,IRL,1991,13.539806
Ireland,IRL,1992,13.604771
Ireland,IRL,1993,10.687689
Ireland,IRL,1994,10.080028
Ireland,IRL,1995,8.995386
Ireland,IRL,1996,8.136407
Ireland,IRL,1997,13.82619
Ireland,IRL,1998,20.08842
Ireland,IRL,1999,39.35591
Ireland,IRL,2000,19.512968
Ireland,IRL,2001,17.73337
Ireland,IRL,2002,22.75717
Ireland,IRL,2003,41.849968
Ireland,IRL,2004,38.857086
Ireland,IRL,2005,44.44268
Ireland,IRL,2006,48.420876
Ireland,IRL,2007,47.74971
Ireland,IRL,2008,35.119564
Ireland,IRL,2009,18.44346
Ireland,IRL,2010,13.231828
Ireland,IRL,2011,18.84095
Ireland,IRL,2012,18.40932
Ireland,IRL,2013,18.053696
Ireland,IRL,2014,21.358877
Ireland,IRL,2015,13.134113
Ireland,IRL,2016,11.182267
Ireland,IRL,2017,16.948494
Ireland,IRL,2018,19.015453
Ireland,IRL,2019,24.270182
Ireland,IRL,2020,13.517366
Ireland,IRL,2021,12.082559
Ireland,IRL,2022,17.005835
Ireland,IRL,2023,21.645473
Israel,ISR,1990,52.21378
Israel,ISR,1991,51.327305
Israel,ISR,1992,49.71671
Israel,ISR,1993,41.732647
Israel,ISR,1994,38.581146
Israel,ISR,1995,40.479633
Israel,ISR,1996,34.233776
Israel,ISR,1997,31.34917
Israel,ISR,1998,32.818134
Israel,ISR,1999,23.530073
Israel,ISR,2000,20.972765
Israel,ISR,2001,14.041973
Israel,ISR,2002,17.927362
Israel,ISR,2003,23.500109
Israel,ISR,2004,27.474129
Israel,ISR,2005,28.54231
Israel,ISR,2006,29.980143
Israel,ISR,2007,30.926714
Israel,ISR,2008,32.86047
Israel,ISR,2009,23.037209
Israel,ISR,2010,25.830627
Israel,ISR,2011,29.549313
Israel,ISR,2012,26.446703
Israel,ISR,2013,34.014175
Israel,ISR,2014,43.41901
Israel,ISR,2015,35.11138
Israel,ISR,2016,43.57808
Israel,ISR,2017,43.566986
Israel,ISR,2018,51.004192
Israel,ISR,2019,49.995594
Israel,ISR,2020,42.578835
Israel,ISR,2021,53.42427
Israel,ISR,2022,52.14355
Israel,ISR,2023,59.47392
Italy,ITA,1990,27.61851
Italy,ITA,1991,27.617579
Italy,ITA,1992,41.16431
Italy,ITA,1993,29.783842
Italy,ITA,1994,27.345667
Italy,ITA,1995,24.761353
Italy,ITA,1996,19.9908
Italy,ITA,1997,18.094048
Italy,ITA,1998,19.559355
Italy,ITA,1999,20.176407
Italy,ITA,2000,22.85689
Italy,ITA,2001,19.814285
Italy,ITA,2002,21.6797
Italy,ITA,2003,19.492163
Italy,ITA,2004,21.167627
Italy,ITA,2005,20.778576
Italy,ITA,2006,25.754808
Italy,ITA,2007,25.523233
Italy,ITA,2008,25.6988
Italy,ITA,2009,36.348236
Italy,ITA,2010,43.331497
Italy,ITA,2011,34.782772
Italy,ITA,2012,32.875652
Italy,ITA,2013,32.26969
Italy,ITA,2014,34.248814
Italy,ITA,2015,27.551245
Italy,ITA,2016,29.543121
Italy,ITA,2017,30.36049
Italy,ITA,2018,33.738014
Italy,ITA,2019,32.644268
Italy,ITA,2020,32.92692
Italy,ITA,2021,34.49473
Italy,ITA,2022,35.77814
Italy,ITA,2023,37.374546
Jamaica,JAM,1990,21.320631
Jamaica,JAM,1991,12.404956
Jamaica,JAM,1992,7.1610427
Jamaica,JAM,1993,12.873901
Jamaica,JAM,1994,8.41956
Jamaica,JAM,1995,8.289232
Jamaica,JAM,1996,-31.080763
Jamaica,JAM,1997,-28.23782
Jamaica,JAM,1998,-26.659977
Jamaica,JAM,1999,-36.99557
Jamaica,JAM,2000,-36.403687
Jamaica,JAM,2001,-32.408436
Jamaica,JAM,2002,-30.086855
Jamaica,JAM,2003,-28.850306
Jamaica,JAM,2004,-32.64993
Jamaica,JAM,2005,-30.22051
Jamaica,JAM,2006,-32.653183
Jamaica,JAM,2007,-29.467863
Jamaica,JAM,2008,-32.864025
Jamaica,JAM,2009,-24.705044
Jamaica,JAM,2010,-22.262066
Jamaica,JAM,2011,-23.973192
Jamaica,JAM,2012,-24.309048
Jamaica,JAM,2013,-26.723133
Jamaica,JAM,2014,-21.581318
Jamaica,JAM,2015,-21.705793
Jamaica,JAM,2016,-11.931144
Jamaica,JAM,2017,-15.168473
Jamaica,JAM,2018,2.8348582
Jamaica,JAM,2019,-3.457414
Jamaica,JAM,2020,15.095734
Jamaica,JAM,2021,12.288713
Jamaica,JAM,2022,6.7244964
Jamaica,JAM,2023,3.288955
Japan,JPN,1990,17.97612
Japan,JPN,1991,18.57117
Japan,JPN,1992,27.613726
Japan,JPN,1993,24.765846
Japan,JPN,1994,24.828577
Japan,JPN,1995,26.222706
Japan,JPN,1996,23.878807
Japan,JPN,1997,22.224257
Japan,JPN,1998,18.694168
Japan,JPN,1999,21.133661
Japan,JPN,2000,25.60202
Japan,JPN,2001,23.812792
Japan,JPN,2002,20.069536
Japan,JPN,2003,17.127092
Japan,JPN,2004,17.79142
Japan,JPN,2005,17.564121
Japan,JPN,2006,17.501966
Japan,JPN,2007,14.435412
Japan,JPN,2008,19.356554
Japan,JPN,2009,18.514055
Japan,JPN,2010,17.383938
Japan,JPN,2011,19.000397
Japan,JPN,2012,18.361094
Japan,JPN,2013,13.355218
Japan,JPN,2014,11.410196
Japan,JPN,2015,8.274658
Japan,JPN,2016,10.240444
Japan,JPN,2017,8.841205
Japan,JPN,2018,11.921074
Japan,JPN,2019,13.031746
Japan,JPN,2020,14.122886
Japan,JPN,2021,15.240844
Japan,JPN,2022,16.687744
Japan,JPN,2023,15.745025
Jordan,JOR,1990,71.64308
Jordan,JOR,1991,55.47914
Jordan,JOR,1992,49.12909
Jordan,JOR,1993,46.576286
Jordan,JOR,1994,42.846424
Jordan,JOR,1995,48.398438
Jordan,JOR,1996,11.163444
Jordan,JOR,1997,34.522316
Jordan,JOR,1998,24.320768
Jordan,JOR,1999,5.351673
Jordan,JOR,2000,13.104411
Jordan,JOR,2001,24.196161
Jordan,JOR,2002,28.428604
Jordan,JOR,2003,26.345026
Jordan,JOR,2004,22.647362
Jordan,JOR,2005,22.695063
Jordan,JOR,2006,22.718718
Jordan,JOR,2007,24.346004
Jordan,JOR,2008,42.12455
Jordan,JOR,2009,46.22993
Jordan,JOR,2010,38.298805
Jordan,JOR,2011,48.97699
Jordan,JOR,2012,47.09203
Jordan,JOR,2013,55.912083
Jordan,JOR,2014,44.347664
Jordan,JOR,2015,45.086098
Jordan,JOR,2016,52.5781
Jordan,JOR,2017,31.169804
Jordan,JOR,2018,33.416527
Jordan,JOR,2019,32.938198
Jordan,JOR,2020,40.340595
Jordan,JOR,2021,44.605103
Jordan,JOR,2022,42.244812
Jordan,JOR,2023,37.61907
Kazakhstan,KAZ,1990,-7.323461
Kazakhstan,KAZ,1991,-29.102036
Kazakhstan,KAZ,1992,-64.76022
Kazakhstan,KAZ,1993,-36.679184
Kazakhstan,KAZ,1994,-32.7642
Kazakhstan,KAZ,1995,-36.027515
Kazakhstan,KAZ,1996,-24.990877
Kazakhstan,KAZ,1997,-25.695604
Kazakhstan,KAZ,1998,-18.9215
Kazakhstan,KAZ,1999,-17.073872
Kazakhstan,KAZ,2000,-27.647867
Kazakhstan,KAZ,2001,-15.261152
Kazakhstan,KAZ,2002,-20.90394
Kazakhstan,KAZ,2003,-25.182283
Kazakhstan,KAZ,2004,-25.790934
Kazakhstan,KAZ,2005,-24.148155
Kazakhstan,KAZ,2006,-18.680254
Kazakhstan,KAZ,2007,-16.154312
Kazakhstan,KAZ,2008,-21.855783
Kazakhstan,KAZ,2009,-18.344124
Kazakhstan,KAZ,2010,-34.554714
Kazakhstan,KAZ,2011,-36.694885
Kazakhstan,KAZ,2012,-24.527567
Kazakhstan,KAZ,2013,-20.83968
Kazakhstan,KAZ,2014,-27.137299
Kazakhstan,KAZ,2015,-17.474646
Kazakhstan,KAZ,2016,-24.366064
Kazakhstan,KAZ,2017,-24.652931
Kazakhstan,KAZ,2018,-30.900692
Kazakhstan,KAZ,2019,-28.641237
Kazakhstan,KAZ,2020,-22.455353
Kazakhstan,KAZ,2021,-21.874275
Kazakhstan,KAZ,2022,-31.641502
Kazakhstan,KAZ,2023,-25.689842
Kenya,KEN,1990,17.846281
Kenya,KEN,1991,26.029667
Kenya,KEN,1992,23.16157
Kenya,KEN,1993,13.849712
Kenya,KEN,1994,17.565357
Kenya,KEN,1995,18.386465
Kenya,KEN,1996,10.626554
Kenya,KEN,1997,24.34164
Kenya,KEN,1998,18.774992
Kenya,KEN,1999,13.992748
Kenya,KEN,2000,17.203093
Kenya,KEN,2001,37.572033
Kenya,KEN,2002,32.70238
Kenya,KEN,2003,55.145885
Kenya,KEN,2004,35.58376
Kenya,KEN,2005,45.425568
Kenya,KEN,2006,46.937523
Kenya,KEN,2007,55.039936
Kenya,KEN,2008,58.527386
Kenya,KEN,2009,46.18594
Kenya,KEN,2010,50.168015
Kenya,KEN,2011,62.52225
Kenya,KEN,2012,85.2169
Kenya,KEN,2013,105.68968
Kenya,KEN,2014,120.45809
Kenya,KEN,2015,85.96348
Kenya,KEN,2016,76.25716
Kenya,KEN,2017,69.9956
Kenya,KEN,2018,71.714
Kenya,KEN,2019,66.31108
Kenya,KEN,2020,56.26868
Kenya,KEN,2021,62.903286
Kenya,KEN,2022,68.06952
Kenya,KEN,2023,65.11143
Kuwait,KWT,1990,-6.3076954
Kuwait,KWT,1991,-95.997856
Kuwait,KWT,1992,1.1805061
Kuwait,KWT,1993,-10.41167
Kuwait,KWT,1994,-13.027662
Kuwait,KWT,1995,-13.247301
Kuwait,KWT,1996,-11.274444
Kuwait,KWT,1997,-13.983398
Kuwait,KWT,1998,-4.8983874
Kuwait,KWT,1999,-31.833338
Kuwait,KWT,2000,-45.721714
Kuwait,KWT,2001,-39.378456
Kuwait,KWT,2002,-30.954235
Kuwait,KWT,2003,-8.614881
Kuwait,KWT,2004,-10.367152
Kuwait,KWT,2005,-1.2888086
Kuwait,KWT,2006,-7.4776936
Kuwait,KWT,2007,-3.3468888
Kuwait,KWT,2008,-6.257702
Kuwait,KWT,2009,-8.490769
Kuwait,KWT,2010,-7.4394264
Kuwait,KWT,2011,-6.3683767
Kuwait,KWT,2012,-15.887364
Kuwait,KWT,2013,-1.2304404
Kuwait,KWT,2014,7.108231
Kuwait,KWT,2015,15.871719
Kuwait,KWT,2016,3.2773988
Kuwait,KWT,2017,0.62297547
Kuwait,KWT,2018,2.4990032
Kuwait,KWT,2019,3.3217735
Kuwait,KWT,2020,8.425887
Kuwait,KWT,2021,9.387363
Kuwait,KWT,2022,-0.045169186
Kuwait,KWT,2023,-0.6682216
Kyrgyzstan,KGZ,1990,11.154105
Kyrgyzstan,KGZ,1991,42.976227
Kyrgyzstan,KGZ,1992,159.39186
Kyrgyzstan,KGZ,1993,116.97676
Kyrgyzstan,KGZ,1994,135.47176
Kyrgyzstan,KGZ,1995,214.41531
Kyrgyzstan,KGZ,1996,66.92841
Kyrgyzstan,KGZ,1997,-4.094058
Kyrgyzstan,KGZ,1998,6.240511
Kyrgyzstan,KGZ,1999,18.27017
Kyrgyzstan,KGZ,2000,47.38794
Kyrgyzstan,KGZ,2001,31.688692
Kyrgyzstan,KGZ,2002,19.198395
Kyrgyzstan,KGZ,2003,10.687045
Kyrgyzstan,KGZ,2004,30.344368
Kyrgyzstan,KGZ,2005,45.651524
Kyrgyzstan,KGZ,2006,73.59608
Kyrgyzstan,KGZ,2007,57.491848
Kyrgyzstan,KGZ,2008,126.408394
Kyrgyzstan,KGZ,2009,121.39408
Kyrgyzstan,KGZ,2010,107.59498
Kyrgyzstan,KGZ,2011,99.26859
Kyrgyzstan,KGZ,2012,85.0912
Kyrgyzstan,KGZ,2013,75.5976
Kyrgyzstan,KGZ,2014,75.34064
Kyrgyzstan,KGZ,2015,60.77779
Kyrgyzstan,KGZ,2016,86.10965
Kyrgyzstan,KGZ,2017,85.037544
Kyrgyzstan,KGZ,2018,78.96463
Kyrgyzstan,KGZ,2019,93.42416
Kyrgyzstan,KGZ,2020,94.54004
Kyrgyzstan,KGZ,2021,83.89361
Kyrgyzstan,KGZ,2022,81.20614
Kyrgyzstan,KGZ,2023,72.223
Laos,LAO,1990,65.37948
Laos,LAO,1991,66.94625
Laos,LAO,1992,63.61001
Laos,LAO,1993,63.98399
Laos,LAO,1994,74.00119
Laos,LAO,1995,80.0548
Laos,LAO,1996,59.493954
Laos,LAO,1997,59.28231
Laos,LAO,1998,56.235504
Laos,LAO,1999,41.312714
Laos,LAO,2000,212.2873
Laos,LAO,2001,189.13876
Laos,LAO,2002,185.50514
Laos,LAO,2003,82.84079
Laos,LAO,2004,101.47906
Laos,LAO,2005,98.59625
Laos,LAO,2006,93.3371
Laos,LAO,2007,95.29799
Laos,LAO,2008,100.173645
Laos,LAO,2009,88.112366
Laos,LAO,2010,-15.953968
Laos,LAO,2011,-22.783827
Laos,LAO,2012,-19.86414
Laos,LAO,2013,-16.30102
Laos,LAO,2014,-15.637641
Laos,LAO,2015,-15.396297
Laos,LAO,2016,-53.336304
Laos,LAO,2017,-28.712988
Laos,LAO,2018,-32.0564
Laos,LAO,2019,-26.794489
Laos,LAO,2020,-22.91655
Laos,LAO,2021,-42.68384
Laos,LAO,2022,-62.681892
Laos,LAO,2023,-38.63123
Latvia,LVA,1990,6.5775914
Latvia,LVA,1991,8.672656
Latvia,LVA,1992,23.837807
Latvia,LVA,1993,17.351313
Latvia,LVA,1994,27.630203
Latvia,LVA,1995,33.857136
Latvia,LVA,1996,37.755142
Latvia,LVA,1997,39.4547
Latvia,LVA,1998,60.57119
Latvia,LVA,1999,60.308052
Latvia,LVA,2000,130.88553
Latvia,LVA,2001,109.51722
Latvia,LVA,2002,106.694756
Latvia,LVA,2003,89.19454
Latvia,LVA,2004,85.52558
Latvia,LVA,2005,75.32937
Latvia,LVA,2006,85.47435
Latvia,LVA,2007,105.22968
Latvia,LVA,2008,101.912415
Latvia,LVA,2009,59.357048
Latvia,LVA,2010,58.745766
Latvia,LVA,2011,75.24636
Latvia,LVA,2012,73.23582
Latvia,LVA,2013,72.83237
Latvia,LVA,2014,69.27508
Latvia,LVA,2015,73.80897
Latvia,LVA,2016,72.74505
Latvia,LVA,2017,93.31939
Latvia,LVA,2018,102.24177
Latvia,LVA,2019,97.4622
Latvia,LVA,2020,91.78981
Latvia,LVA,2021,107.18775
Latvia,LVA,2022,116.004944
Latvia,LVA,2023,102.76308
Lithuania,LTU,1990,16.19361
Lithuania,LTU,1991,21.692053
Lithuania,LTU,1992,148.0854
Lithuania,LTU,1993,92.569855
Lithuania,LTU,1994,76.704185
Lithuania,LTU,1995,82.59402
Lithuania,LTU,1996,29.053328
Lithuania,LTU,1997,36.28629
Lithuania,LTU,1998,38.682182
Lithuania,LTU,1999,38.47072
Lithuania,LTU,2000,64.88638
Lithuania,LTU,2001,53.64815
Lithuania,LTU,2002,41.985954
Lithuania,LTU,2003,72.16739
Lithuania,LTU,2004,59.257145
Lithuania,LTU,2005,48.36303
Lithuania,LTU,2006,58.468052
Lithuania,LTU,2007,57.92309
Lithuania,LTU,2008,53.92294
Lithuania,LTU,2009,60.487717
Lithuania,LTU,2010,47.165127
Lithuania,LTU,2011,67.74291
Lithuania,LTU,2012,42.612125
Lithuania,LTU,2013,56.049408
Lithuania,LTU,2014,61.05366
Lithuania,LTU,2015,54.820553
Lithuania,LTU,2016,65.24728
Lithuania,LTU,2017,67.99173
Lithuania,LTU,2018,78.014114
Lithuania,LTU,2019,64.3079
Lithuania,LTU,2020,52.125397
Lithuania,LTU,2021,63.794052
Lithuania,LTU,2022,71.39881
Lithuania,LTU,2023,64.04028
Low-income countries,OWID_LIC,1990,-94.61784
Low-income countries,OWID_LIC,1991,-94.50447
Low-income countries,OWID_LIC,1992,-93.87369
Low-income countries,OWID_LIC,1993,-93.27754
Low-income countries,OWID_LIC,1994,-93.58235
Low-income countries,OWID_LIC,1995,-92.94839
Low-income countries,OWID_LIC,1996,-91.786026
Low-income countries,OWID_LIC,1997,-92.43922
Low-income countries,OWID_LIC,1998,-91.660484
Low-income countries,OWID_LIC,1999,-90.13671
Low-income countries,OWID_LIC,2000,-88.33163
Low-income countries,OWID_LIC,2001,-88.37302
Low-income countries,OWID_LIC,2002,-88.316086
Low-income countries,OWID_LIC,2003,-89.4301
Low-income countries,OWID_LIC,2004,-89.52147
Low-income countries,OWID_LIC,2005,-89.05768
Low-income countries,OWID_LIC,2006,-87.768936
Low-income countries,OWID_LIC,2007,-88.09321
Low-income countries,OWID_LIC,2008,-87.162636
Low-income countries,OWID_LIC,2009,-86.616165
Low-income countries,OWID_LIC,2010,-86.94779
Low-income countries,OWID_LIC,2011,-83.623055
Low-income countries,OWID_LIC,2012,-81.56042
Low-income countries,OWID_LIC,2013,-76.25533
Low-income countries,OWID_LIC,2014,-73.166824
Low-income countries,OWID_LIC,2015,-70.1043
Low-income countries,OWID_LIC,2016,-69.37261
Low-income countries,OWID_LIC,2017,-72.37614
Low-income countries,OWID_LIC,2018,-67.826965
Low-income countries,OWID_LIC,2019,-69.001526
Low-income countries,OWID_LIC,2020,-69.13709
Low-income countries,OWID_LIC,2021,-64.44302
Low-income countries,OWID_LIC,2022,-63.67807
Low-income countries,OWID_LIC,2023,-64.57751
Lower-middle-income countries,OWID_LMC,1990,-8.7433815
Lower-middle-income countries,OWID_LMC,1991,-10.340601
Lower-middle-income countries,OWID_LMC,1992,-7.3600364
Lower-middle-income countries,OWID_LMC,1993,-10.408565
Lower-middle-income countries,OWID_LMC,1994,-10.465388
Lower-middle-income countries,OWID_LMC,1995,-10.92109
Lower-middle-income countries,OWID_LMC,1996,-12.183732
Lower-middle-income countries,OWID_LMC,1997,-12.422539
Lower-middle-income countries,OWID_LMC,1998,-13.384476
Lower-middle-income countries,OWID_LMC,1999,-11.682274
Lower-middle-income countries,OWID_LMC,2000,-15.096214
Lower-middle-income countries,OWID_LMC,2001,-14.269842
Lower-middle-income countries,OWID_LMC,2002,-14.087357
Lower-middle-income countries,OWID_LMC,2003,-13.282758
Lower-middle-income countries,OWID_LMC,2004,-12.698494
Lower-middle-income countries,OWID_LMC,2005,-11.251296
Lower-middle-income countries,OWID_LMC,2006,-12.450189
Lower-middle-income countries,OWID_LMC,2007,-9.832585
Lower-middle-income countries,OWID_LMC,2008,-8.5943365
Lower-middle-income countries,OWID_LMC,2009,-7.064589
Lower-middle-income countries,OWID_LMC,2010,-7.6568403
Lower-middle-income countries,OWID_LMC,2011,-8.25453
Lower-middle-income countries,OWID_LMC,2012,-7.3844337
Lower-middle-income countries,OWID_LMC,2013,-11.932056
Lower-middle-income countries,OWID_LMC,2014,-9.299371
Lower-middle-income countries,OWID_LMC,2015,-8.539362
Lower-middle-income countries,OWID_LMC,2016,-8.813848
Lower-middle-income countries,OWID_LMC,2017,-8.774688
Lower-middle-income countries,OWID_LMC,2018,-8.738453
Lower-middle-income countries,OWID_LMC,2019,-9.096927
Lower-middle-income countries,OWID_LMC,2020,-9.372368
Lower-middle-income countries,OWID_LMC,2021,-9.72518
Lower-middle-income countries,OWID_LMC,2022,-10.859252
Lower-middle-income countries,OWID_LMC,2023,-11.487938
Luxembourg,LUX,1990,0
Luxembourg,LUX,1991,0
Luxembourg,LUX,1992,0
Luxembourg,LUX,1993,0
Luxembourg,LUX,1994,0
Luxembourg,LUX,1995,0
Luxembourg,LUX,1996,0
Luxembourg,LUX,1997,0
Luxembourg,LUX,1998,-0.00000653012
Luxembourg,LUX,1999,-4.6423135
Luxembourg,LUX,2000,-1.2516893
Luxembourg,LUX,2001,-9.192504
Luxembourg,LUX,2002,-14.690367
Luxembourg,LUX,2003,10.432325
Luxembourg,LUX,2004,9.923472
Luxembourg,LUX,2005,17.92901
Luxembourg,LUX,2006,16.336777
Luxembourg,LUX,2007,-4.706596
Luxembourg,LUX,2008,33.32364
Luxembourg,LUX,2009,-19.627851
Luxembourg,LUX,2010,-11.87696
Luxembourg,LUX,2011,-4.0518928
Luxembourg,LUX,2012,-4.950197
Luxembourg,LUX,2013,-4.922667
Luxembourg,LUX,2014,-1.761309
Luxembourg,LUX,2015,0.3002043
Luxembourg,LUX,2016,-1.7542845
Luxembourg,LUX,2017,-3.7313347
Luxembourg,LUX,2018,-8.603705
Luxembourg,LUX,2019,-13.191396
Luxembourg,LUX,2020,-10.0503
Luxembourg,LUX,2021,-4.9431567
Luxembourg,LUX,2022,9.869502
Luxembourg,LUX,2023,7.181241
Madagascar,MDG,1990,21.772093
Madagascar,MDG,1991,20.120214
Madagascar,MDG,1992,24.56316
Madagascar,MDG,1993,27.2912
Madagascar,MDG,1994,24.093348
Madagascar,MDG,1995,20.969414
Madagascar,MDG,1996,21.55169
Madagascar,MDG,1997,13.567186
Madagascar,MDG,1998,21.140615
Madagascar,MDG,1999,28.843538
Madagascar,MDG,2000,55.74513
Madagascar,MDG,2001,50.50338
Madagascar,MDG,2002,102.30062
Madagascar,MDG,2003,73.472435
Madagascar,MDG,2004,60.246952
Madagascar,MDG,2005,72.72495
Madagascar,MDG,2006,62.73066
Madagascar,MDG,2007,70.46225
Madagascar,MDG,2008,141.40515
Madagascar,MDG,2009,120.00867
Madagascar,MDG,2010,75.57774
Madagascar,MDG,2011,55.884975
Madagascar,MDG,2012,43.47709
Madagascar,MDG,2013,58.829357
Madagascar,MDG,2014,62.554413
Madagascar,MDG,2015,48.886272
Madagascar,MDG,2016,55.687782
Madagascar,MDG,2017,50.413036
Madagascar,MDG,2018,46.393764
Madagascar,MDG,2019,38.901005
Madagascar,MDG,2020,47.50991
Madagascar,MDG,2021,45.909
Madagascar,MDG,2022,47.07008
Madagascar,MDG,2023,44.35931
Malawi,MWI,1990,-5.724526
Malawi,MWI,1991,-5.5111976
Malawi,MWI,1992,-4.181603
Malawi,MWI,1993,-1.9385488
Malawi,MWI,1994,-8.18627
Malawi,MWI,1995,-8.027577
Malawi,MWI,1996,14.034602
Malawi,MWI,1997,12.448466
Malawi,MWI,1998,14.122228
Malawi,MWI,1999,27.80768
Malawi,MWI,2000,-6.5655437
Malawi,MWI,2001,-7.906738
Malawi,MWI,2002,-4.241622
Malawi,MWI,2003,-0.79766434
Malawi,MWI,2004,-10.030126
Malawi,MWI,2005,-10.137541
Malawi,MWI,2006,-2.329647
Malawi,MWI,2007,-14.731202
Malawi,MWI,2008,-12.136178
Malawi,MWI,2009,-20.620888
Malawi,MWI,2010,-14.249335
Malawi,MWI,2011,-15.382743
Malawi,MWI,2012,-10.5420265
Malawi,MWI,2013,-33.960102
Malawi,MWI,2014,-34.110252
Malawi,MWI,2015,-32.456146
Malawi,MWI,2016,-17.405598
Malawi,MWI,2017,-22.785501
Malawi,MWI,2018,57.317448
Malawi,MWI,2019,59.9015
Malawi,MWI,2020,57.012356
Malawi,MWI,2021,74.79521
Malawi,MWI,2022,77.449066
Malawi,MWI,2023,74.50847
Malaysia,MYS,1990,33.05135
Malaysia,MYS,1991,20.28313
Malaysia,MYS,1992,21.651178
Malaysia,MYS,1993,8.388149
Malaysia,MYS,1994,8.21977
Malaysia,MYS,1995,-3.9030173
Malaysia,MYS,1996,-5.1342893
Malaysia,MYS,1997,-3.217919
Malaysia,MYS,1998,-27.806305
Malaysia,MYS,1999,-9.543527
Malaysia,MYS,2000,-13.296334
Malaysia,MYS,2001,-13.931406
Malaysia,MYS,2002,-9.677563
Malaysia,MYS,2003,-15.145798
Malaysia,MYS,2004,-17.55973
Malaysia,MYS,2005,-15.943492
Malaysia,MYS,2006,-14.553262
Malaysia,MYS,2007,-10.345021
Malaysia,MYS,2008,-10.875594
Malaysia,MYS,2009,-14.137312
Malaysia,MYS,2010,-6.2500815
Malaysia,MYS,2011,-1.6967791
Malaysia,MYS,2012,4.4780307
Malaysia,MYS,2013,3.8756874
Malaysia,MYS,2014,3.40985
Malaysia,MYS,2015,-0.03593429
Malaysia,MYS,2016,2.3488712
Malaysia,MYS,2017,0.7787183
Malaysia,MYS,2018,1.263079
Malaysia,MYS,2019,-0.87913513
Malaysia,MYS,2020,0.3056895
Malaysia,MYS,2021,0.29263735
Malaysia,MYS,2022,0.67926997
Malaysia,MYS,2023,3.6958058
Malta,MLT,1990,34.408092
Malta,MLT,1991,37.518463
Malta,MLT,1992,42.63236
Malta,MLT,1993,22.38305
Malta,MLT,1994,32.748253
Malta,MLT,1995,55.045567
Malta,MLT,1996,37.750763
Malta,MLT,1997,29.104336
Malta,MLT,1998,54.437
Malta,MLT,1999,78.73122
Malta,MLT,2000,151.85
Malta,MLT,2001,140.89444
Malta,MLT,2002,146.24348
Malta,MLT,2003,64.72075
Malta,MLT,2004,59.59311
Malta,MLT,2005,37.44641
Malta,MLT,2006,50.984848
Malta,MLT,2007,87.99954
Malta,MLT,2008,151.79475
Malta,MLT,2009,120.30524
Malta,MLT,2010,177.52919
Malta,MLT,2011,266.54776
Malta,MLT,2012,227.21014
Malta,MLT,2013,199.95255
Malta,MLT,2014,259.78403
Malta,MLT,2015,558.19525
Malta,MLT,2016,1023.04236
Malta,MLT,2017,743.13196
Malta,MLT,2018,993.2427
Malta,MLT,2019,862.13556
Malta,MLT,2020,746.40656
Malta,MLT,2021,908.41724
Malta,MLT,2022,808.4839
Malta,MLT,2023,708.6194
Mauritius,MUS,1990,34.261154
Mauritius,MUS,1991,33.733032
Mauritius,MUS,1992,33.871933
Mauritius,MUS,1993,33.00122
Mauritius,MUS,1994,46.510155
Mauritius,MUS,1995,38.47114
Mauritius,MUS,1996,34.67868
Mauritius,MUS,1997,43.303566
Mauritius,MUS,1998,39.196453
Mauritius,MUS,1999,22.713957
Mauritius,MUS,2000,71.469536
Mauritius,MUS,2001,58.283894
Mauritius,MUS,2002,64.72669
Mauritius,MUS,2003,68.449066
Mauritius,MUS,2004,77.58821
Mauritius,MUS,2005,55.304592
Mauritius,MUS,2006,56.565216
Mauritius,MUS,2007,54.63894
Mauritius,MUS,2008,66.70128
Mauritius,MUS,2009,51.855717
Mauritius,MUS,2010,44.861496
Mauritius,MUS,2011,51.942993
Mauritius,MUS,2012,47.493572
Mauritius,MUS,2013,50.705856
Mauritius,MUS,2014,53.019634
Mauritius,MUS,2015,41.51063
Mauritius,MUS,2016,48.116314
Mauritius,MUS,2017,53.46688
Mauritius,MUS,2018,63.846752
Mauritius,MUS,2019,61.932358
Mauritius,MUS,2020,75.66543
Mauritius,MUS,2021,85.049225
Mauritius,MUS,2022,79.02507
Mauritius,MUS,2023,72.49152
Mexico,MEX,1990,2.7533298
Mexico,MEX,1991,4.008307
Mexico,MEX,1992,5.5647473
Mexico,MEX,1993,5.969086
Mexico,MEX,1994,5.266437
Mexico,MEX,1995,-0.33393964
Mexico,MEX,1996,1.2509133
Mexico,MEX,1997,5.47308
Mexico,MEX,1998,6.884015
Mexico,MEX,1999,8.764787
Mexico,MEX,2000,16.77003
Mexico,MEX,2001,13.266333
Mexico,MEX,2002,12.671016
Mexico,MEX,2003,7.6281075
Mexico,MEX,2004,11.971285
Mexico,MEX,2005,10.669056
Mexico,MEX,2006,11.61294
Mexico,MEX,2007,10.337104
Mexico,MEX,2008,11.86205
Mexico,MEX,2009,10.471224
Mexico,MEX,2010,14.990688
Mexico,MEX,2011,16.903181
Mexico,MEX,2012,15.613114
Mexico,MEX,2013,19.015352
Mexico,MEX,2014,21.105677
Mexico,MEX,2015,19.380985
Mexico,MEX,2016,19.4604
Mexico,MEX,2017,20.754025
Mexico,MEX,2018,21.941593
Mexico,MEX,2019,20.22077
Mexico,MEX,2020,17.045404
Mexico,MEX,2021,20.652187
Mexico,MEX,2022,22.867887
Mexico,MEX,2023,23.287361
Mongolia,MNG,1990,-8.938319
Mongolia,MNG,1991,-26.99794
Mongolia,MNG,1992,-16.479565
Mongolia,MNG,1993,-34.28406
Mongolia,MNG,1994,-25.803043
Mongolia,MNG,1995,-24.107834
Mongolia,MNG,1996,-9.845372
Mongolia,MNG,1997,-17.343895
Mongolia,MNG,1998,-13.119168
Mongolia,MNG,1999,-2.82082
Mongolia,MNG,2000,-0.61431426
Mongolia,MNG,2001,0.7389968
Mongolia,MNG,2002,-0.58315265
Mongolia,MNG,2003,6.436547
Mongolia,MNG,2004,1.825152
Mongolia,MNG,2005,4.9522576
Mongolia,MNG,2006,4.515969
Mongolia,MNG,2007,3.560219
Mongolia,MNG,2008,11.140286
Mongolia,MNG,2009,4.807696
Mongolia,MNG,2010,8.361963
Mongolia,MNG,2011,11.407388
Mongolia,MNG,2012,2.4552262
Mongolia,MNG,2013,0.4591375
Mongolia,MNG,2014,-1.1594481
Mongolia,MNG,2015,0.9310597
Mongolia,MNG,2016,-7.7824464
Mongolia,MNG,2017,-11.62755
Mongolia,MNG,2018,-10.008952
Mongolia,MNG,2019,-11.761305
Mongolia,MNG,2020,-11.617501
Mongolia,MNG,2021,-6.7134
Mongolia,MNG,2022,-9.785751
Mongolia,MNG,2023,-17.153362
Morocco,MAR,1990,32.782513
Morocco,MAR,1991,25.782555
Morocco,MAR,1992,38.606136
Morocco,MAR,1993,26.448416
Morocco,MAR,1994,23.325212
Morocco,MAR,1995,23.719326
Morocco,MAR,1996,12.819099
Morocco,MAR,1997,9.878329
Morocco,MAR,1998,11.227093
Morocco,MAR,1999,18.208958
Morocco,MAR,2000,14.44854
Morocco,MAR,2001,11.960653
Morocco,MAR,2002,16.790869
Morocco,MAR,2003,11.056861
Morocco,MAR,2004,10.907252
Morocco,MAR,2005,9.349127
Morocco,MAR,2006,10.207506
Morocco,MAR,2007,13.189266
Morocco,MAR,2008,19.064
Morocco,MAR,2009,12.1800165
Morocco,MAR,2010,8.3010235
Morocco,MAR,2011,14.587879
Morocco,MAR,2012,10.397282
Morocco,MAR,2013,9.228423
Morocco,MAR,2014,7.152675
Morocco,MAR,2015,5.227707
Morocco,MAR,2016,13.0831175
Morocco,MAR,2017,9.223294
Morocco,MAR,2018,9.948069
Morocco,MAR,2019,5.723015
Morocco,MAR,2020,4.9541707
Morocco,MAR,2021,5.856748
Morocco,MAR,2022,2.3017664
Morocco,MAR,2023,1.3809742
Mozambique,MOZ,1990,57.96392
Mozambique,MOZ,1991,58.94661
Mozambique,MOZ,1992,56.05521
Mozambique,MOZ,1993,49.386547
Mozambique,MOZ,1994,54.11168
Mozambique,MOZ,1995,55.47656
Mozambique,MOZ,1996,13.1089525
Mozambique,MOZ,1997,17.533628
Mozambique,MOZ,1998,22.687056
Mozambique,MOZ,1999,40.35828
Mozambique,MOZ,2000,214.39262
Mozambique,MOZ,2001,200.65161
Mozambique,MOZ,2002,197.50015
Mozambique,MOZ,2003,192.22148
Mozambique,MOZ,2004,192.7743
Mozambique,MOZ,2005,248.99396
Mozambique,MOZ,2006,211.70485
Mozambique,MOZ,2007,223.63138
Mozambique,MOZ,2008,283.43912
Mozambique,MOZ,2009,233.45581
Mozambique,MOZ,2010,196.98296
Mozambique,MOZ,2011,235.77649
Mozambique,MOZ,2012,230.46686
Mozambique,MOZ,2013,320.7345
Mozambique,MOZ,2014,142.37451
Mozambique,MOZ,2015,139.57054
Mozambique,MOZ,2016,82.8356
Mozambique,MOZ,2017,82.66519
Mozambique,MOZ,2018,78.2488
Mozambique,MOZ,2019,82.47016
Mozambique,MOZ,2020,91.97526
Mozambique,MOZ,2021,78.55572
Mozambique,MOZ,2022,59.454105
Mozambique,MOZ,2023,58.663845
Namibia,NAM,1991,0
Namibia,NAM,1992,0
Namibia,NAM,1993,0
Namibia,NAM,1994,-0.000016054631
Namibia,NAM,1995,0
Namibia,NAM,1996,0
Namibia,NAM,1997,-0.000013783795
Namibia,NAM,1998,0
Namibia,NAM,1999,0
Namibia,NAM,2000,-5.0258784
Namibia,NAM,2001,-3.5887609
Namibia,NAM,2002,-7.541736
Namibia,NAM,2003,-8.506507
Namibia,NAM,2004,-2.0182772
Namibia,NAM,2005,-0.48675382
Namibia,NAM,2006,-9.865662
Namibia,NAM,2007,7.3053846
Namibia,NAM,2008,17.700846
Namibia,NAM,2009,9.522261
Namibia,NAM,2010,234.1059
Namibia,NAM,2011,230.46425
Namibia,NAM,2012,186.00185
Namibia,NAM,2013,215.47621
Namibia,NAM,2014,263.55276
Namibia,NAM,2015,217.57126
Namibia,NAM,2016,216.2237
Namibia,NAM,2017,158.39589
Namibia,NAM,2018,152.7745
Namibia,NAM,2019,150.5071
Namibia,NAM,2020,155.53114
Namibia,NAM,2021,171.92142
Namibia,NAM,2022,185.97212
Namibia,NAM,2023,180.17581
Nepal,NPL,1990,58.201527
Nepal,NPL,1991,45.674522
Nepal,NPL,1992,37.458755
Nepal,NPL,1993,33.603657
Nepal,NPL,1994,29.052114
Nepal,NPL,1995,18.661385
Nepal,NPL,1996,24.36743
Nepal,NPL,1997,17.517685
Nepal,NPL,1998,-6.0223937
Nepal,NPL,1999,-5.000802
Nepal,NPL,2000,-12.278213
Nepal,NPL,2001,18.976791
Nepal,NPL,2002,35.57835
Nepal,NPL,2003,-19.078165
Nepal,NPL,2004,64.218056
Nepal,NPL,2005,52.601654
Nepal,NPL,2006,83.57822
Nepal,NPL,2007,96.2752
Nepal,NPL,2008,92.88881
Nepal,NPL,2009,-17.974321
Nepal,NPL,2010,-13.324876
Nepal,NPL,2011,-12.229668
Nepal,NPL,2012,-13.465739
Nepal,NPL,2013,-13.637252
Nepal,NPL,2014,-17.188248
Nepal,NPL,2015,-17.143105
Nepal,NPL,2016,-13.084187
Nepal,NPL,2017,-12.938209
Nepal,NPL,2018,162.00108
Nepal,NPL,2019,172.79941
Nepal,NPL,2020,130.52348
Nepal,NPL,2021,166.0027
Nepal,NPL,2022,162.36325
Nepal,NPL,2023,157.68338
Netherlands,NLD,1990,7.0738378
Netherlands,NLD,1991,1.7536635
Netherlands,NLD,1992,9.889922
Netherlands,NLD,1993,6.2653146
Netherlands,NLD,1994,5.3539805
Netherlands,NLD,1995,5.290783
Netherlands,NLD,1996,4.862138
Netherlands,NLD,1997,6.402309
Netherlands,NLD,1998,5.2803044
Netherlands,NLD,1999,-20.745506
Netherlands,NLD,2000,-22.374739
Netherlands,NLD,2001,-25.870548
Netherlands,NLD,2002,-15.396084
Netherlands,NLD,2003,-2.4766216
Netherlands,NLD,2004,1.424813
Netherlands,NLD,2005,14.331728
Netherlands,NLD,2006,22.754765
Netherlands,NLD,2007,6.8124676
Netherlands,NLD,2008,12.852344
Netherlands,NLD,2009,9.610078
Netherlands,NLD,2010,15.586805
Netherlands,NLD,2011,18.62781
Netherlands,NLD,2012,6.732029
Netherlands,NLD,2013,8.188178
Netherlands,NLD,2014,4.817143
Netherlands,NLD,2015,-2.0117433
Netherlands,NLD,2016,2.618716
Netherlands,NLD,2017,2.1160383
Netherlands,NLD,2018,4.5576935
Netherlands,NLD,2019,6.489557
Netherlands,NLD,2020,7.2116265
Netherlands,NLD,2021,13.870561
Netherlands,NLD,2022,23.431686
Netherlands,NLD,2023,28.313944
New Zealand,NZL,1990,6.556512
New Zealand,NZL,1991,4.300314
New Zealand,NZL,1992,1.6020123
New Zealand,NZL,1993,3.03921
New Zealand,NZL,1994,5.4613104
New Zealand,NZL,1995,9.522746
New Zealand,NZL,1996,8.020259
New Zealand,NZL,1997,8.108133
New Zealand,NZL,1998,4.820827
New Zealand,NZL,1999,8.783574
New Zealand,NZL,2000,2.3790107
New Zealand,NZL,2001,-0.042100016
New Zealand,NZL,2002,1.3680036
New Zealand,NZL,2003,10.405934
New Zealand,NZL,2004,15.048797
New Zealand,NZL,2005,17.603914
New Zealand,NZL,2006,14.124017
New Zealand,NZL,2007,18.665838
New Zealand,NZL,2008,15.265282
New Zealand,NZL,2009,7.728135
New Zealand,NZL,2010,9.833029
New Zealand,NZL,2011,14.277093
New Zealand,NZL,2012,14.229714
New Zealand,NZL,2013,15.38366
New Zealand,NZL,2014,15.660147
New Zealand,NZL,2015,12.302204
New Zealand,NZL,2016,18.349108
New Zealand,NZL,2017,14.0739155
New Zealand,NZL,2018,16.494358
New Zealand,NZL,2019,14.530251
New Zealand,NZL,2020,21.108318
New Zealand,NZL,2021,26.49542
New Zealand,NZL,2022,33.167347
New Zealand,NZL,2023,31.166414
Nicaragua,NIC,1990,14.664646
Nicaragua,NIC,1991,18.396442
Nicaragua,NIC,1992,22.378065
Nicaragua,NIC,1993,19.210825
Nicaragua,NIC,1994,14.428492
Nicaragua,NIC,1995,11.54064
Nicaragua,NIC,1996,10.410991
Nicaragua,NIC,1997,9.0506735
Nicaragua,NIC,1998,11.705372
Nicaragua,NIC,1999,15.869816
Nicaragua,NIC,2000,17.549814
Nicaragua,NIC,2001,17.357485
Nicaragua,NIC,2002,14.943283
Nicaragua,NIC,2003,18.738659
Nicaragua,NIC,2004,21.92408
Nicaragua,NIC,2005,21.998934
Nicaragua,NIC,2006,29.68476
Nicaragua,NIC,2007,34.15332
Nicaragua,NIC,2008,34.575817
Nicaragua,NIC,2009,25.833973
Nicaragua,NIC,2010,22.023796
Nicaragua,NIC,2011,16.840387
Nicaragua,NIC,2012,28.475864
Nicaragua,NIC,2013,35.322533
Nicaragua,NIC,2014,39.687016
Nicaragua,NIC,2015,41.81757
Nicaragua,NIC,2016,44.34588
Nicaragua,NIC,2017,39.237564
Nicaragua,NIC,2018,38.961723
Nicaragua,NIC,2019,35.03676
Nicaragua,NIC,2020,31.399414
Nicaragua,NIC,2021,32.789455
Nicaragua,NIC,2022,36.401375
Nicaragua,NIC,2023,32.144253
Nigeria,NGA,1990,-4.9214244
Nigeria,NGA,1991,-7.33573
Nigeria,NGA,1992,-7.682867
Nigeria,NGA,1993,-4.8164287
Nigeria,NGA,1994,-3.9796424
Nigeria,NGA,1995,-10.513344
Nigeria,NGA,1996,-8.979976
Nigeria,NGA,1997,-8.770597
Nigeria,NGA,1998,-0.22025938
Nigeria,NGA,1999,-25.05214
Nigeria,NGA,2000,-48.79849
Nigeria,NGA,2001,-29.516537
Nigeria,NGA,2002,-20.736822
Nigeria,NGA,2003,-24.246754
Nigeria,NGA,2004,-15.233706
Nigeria,NGA,2005,-11.627694
Nigeria,NGA,2006,-26.852411
Nigeria,NGA,2007,-6.8463993
Nigeria,NGA,2008,-4.5204716
Nigeria,NGA,2009,21.305748
Nigeria,NGA,2010,1.6410131
Nigeria,NGA,2011,-4.3447356
Nigeria,NGA,2012,-5.672312
Nigeria,NGA,2013,12.679697
Nigeria,NGA,2014,11.69601
Nigeria,NGA,2015,16.165373
Nigeria,NGA,2016,7.6769648
Nigeria,NGA,2017,5.3950133
Nigeria,NGA,2018,6.6478395
Nigeria,NGA,2019,3.4683502
Nigeria,NGA,2020,9.831101
Nigeria,NGA,2021,6.3275933
Nigeria,NGA,2022,6.206048
Nigeria,NGA,2023,3.0205333
North America,OWID_NAM,1990,-1.3269085
North America,OWID_NAM,1991,-1.4410009
North America,OWID_NAM,1992,0.6650126
North America,OWID_NAM,1993,-0.57661337
North America,OWID_NAM,1994,-0.56194794
North America,OWID_NAM,1995,-0.96629274
North America,OWID_NAM,1996,-1.3040165
North America,OWID_NAM,1997,-0.5512755
North America,OWID_NAM,1998,1.6745216
North America,OWID_NAM,1999,2.0261748
North America,OWID_NAM,2000,3.3684444
North America,OWID_NAM,2001,3.822814
North America,OWID_NAM,2002,4.9994636
North America,OWID_NAM,2003,5.8301835
North America,OWID_NAM,2004,6.382004
North America,OWID_NAM,2005,7.8190804
North America,OWID_NAM,2006,8.271941
North America,OWID_NAM,2007,5.74209
North America,OWID_NAM,2008,4.576691
North America,OWID_NAM,2009,4.3724704
North America,OWID_NAM,2010,4.5903697
North America,OWID_NAM,2011,4.166984
North America,OWID_NAM,2012,4.543013
North America,OWID_NAM,2013,3.8861299
North America,OWID_NAM,2014,4.4290442
North America,OWID_NAM,2015,5.616832
North America,OWID_NAM,2016,5.338377
North America,OWID_NAM,2017,5.9893312
North America,OWID_NAM,2018,5.860968
North America,OWID_NAM,2019,5.9626637
North America,OWID_NAM,2020,7.8208714
North America,OWID_NAM,2021,8.546959
North America,OWID_NAM,2022,9.150692
North America,OWID_NAM,2023,9.362651
North America (excl. USA),,1990,0.09407047
North America (excl. USA),,1991,1.873784
North America (excl. USA),,1992,3.5608006
North America (excl. USA),,1993,1.8868272
North America (excl. USA),,1994,0.43939307
North America (excl. USA),,1995,-2.3902476
North America (excl. USA),,1996,-3.0975657
North America (excl. USA),,1997,-0.22719277
North America (excl. USA),,1998,1.0424631
North America (excl. USA),,1999,0.15355206
North America (excl. USA),,2000,3.0325532
North America (excl. USA),,2001,2.022638
North America (excl. USA),,2002,2.4301512
North America (excl. USA),,2003,-0.9451297
North America (excl. USA),,2004,1.7033576
North America (excl. USA),,2005,3.6002421
North America (excl. USA),,2006,2.164816
North America (excl. USA),,2007,1.3821505
North America (excl. USA),,2008,2.274253
North America (excl. USA),,2009,4.3637977
North America (excl. USA),,2010,7.9437804
North America (excl. USA),,2011,6.825073
North America (excl. USA),,2012,6.4351354
North America (excl. USA),,2013,7.805301
North America (excl. USA),,2014,5.8985963
North America (excl. USA),,2015,3.6979458
North America (excl. USA),,2016,2.65816
North America (excl. USA),,2017,4.362991
North America (excl. USA),,2018,5.113644
North America (excl. USA),,2019,3.358523
North America (excl. USA),,2020,3.6404836
North America (excl. USA),,2021,5.0470195
North America (excl. USA),,2022,5.0866027
North America (excl. USA),,2023,4.9151764
Norway,NOR,2003,10.446067
Norway,NOR,2004,18.271631
Norway,NOR,2005,17.040468
Norway,NOR,2006,29.132904
Norway,NOR,2007,34.635235
Norway,NOR,2008,28.568325
Norway,NOR,2009,29.342863
Norway,NOR,2010,33.082756
Norway,NOR,2011,25.538063
Norway,NOR,2012,19.558174
Norway,NOR,2013,20.088676
Norway,NOR,2014,17.186659
Norway,NOR,2015,20.301888
Norway,NOR,2016,10.105601
Norway,NOR,2017,11.140376
Norway,NOR,2018,9.41906
Norway,NOR,2019,12.670115
Norway,NOR,2020,13.0184765
Norway,NOR,2021,2.8549857
Norway,NOR,2022,-14.555041
Norway,NOR,2023,0.25953844
Oceania,OWID_OCE,1990,-12.15101
Oceania,OWID_OCE,1991,-12.470164
Oceania,OWID_OCE,1992,-13.16069
Oceania,OWID_OCE,1993,-14.093086
Oceania,OWID_OCE,1994,-12.392384
Oceania,OWID_OCE,1995,-13.286771
Oceania,OWID_OCE,1996,-13.397894
Oceania,OWID_OCE,1997,-13.525617
Oceania,OWID_OCE,1998,-12.561953
Oceania,OWID_OCE,1999,-12.5061
Oceania,OWID_OCE,2000,-16.6624
Oceania,OWID_OCE,2001,-16.276949
Oceania,OWID_OCE,2002,-12.310274
Oceania,OWID_OCE,2003,-8.253285
Oceania,OWID_OCE,2004,-8.29681
Oceania,OWID_OCE,2005,-8.690921
Oceania,OWID_OCE,2006,-7.519547
Oceania,OWID_OCE,2007,-6.392718
Oceania,OWID_OCE,2008,-8.262435
Oceania,OWID_OCE,2009,-3.718569
Oceania,OWID_OCE,2010,-3.1242394
Oceania,OWID_OCE,2011,-2.6669943
Oceania,OWID_OCE,2012,0.43009353
Oceania,OWID_OCE,2013,-4.0791044
Oceania,OWID_OCE,2014,-3.894886
Oceania,OWID_OCE,2015,-5.3038383
Oceania,OWID_OCE,2016,-6.4660296
Oceania,OWID_OCE,2017,-6.10468
Oceania,OWID_OCE,2018,-8.540963
Oceania,OWID_OCE,2019,-9.219745
Oceania,OWID_OCE,2020,-7.5297904
Oceania,OWID_OCE,2021,-7.3325915
Oceania,OWID_OCE,2022,-5.961397
Oceania,OWID_OCE,2023,-4.5316005
Oman,OMN,1990,9.333423
Oman,OMN,1991,12.699039
Oman,OMN,1992,12.592009
Oman,OMN,1993,13.393038
Oman,OMN,1994,7.0364027
Oman,OMN,1995,4.486598
Oman,OMN,1996,2.5545902
Oman,OMN,1997,0.8245028
Oman,OMN,1998,6.7479806
Oman,OMN,1999,-20.27411
Oman,OMN,2000,-34.801308
Oman,OMN,2001,-27.386972
Oman,OMN,2002,-29.604012
Oman,OMN,2003,10.541428
Oman,OMN,2004,-0.9314273
Oman,OMN,2005,-6.9825544
Oman,OMN,2006,-3.0223203
Oman,OMN,2007,-0.46974942
Oman,OMN,2008,4.135103
Oman,OMN,2009,12.802786
Oman,OMN,2010,3.208017
Oman,OMN,2011,0.33381304
Oman,OMN,2012,6.706343
Oman,OMN,2013,9.066054
Oman,OMN,2014,10.385635
Oman,OMN,2015,13.285828
Oman,OMN,2016,12.215856
Oman,OMN,2017,13.634218
Oman,OMN,2018,10.137919
Oman,OMN,2019,9.099389
Oman,OMN,2020,9.613197
Oman,OMN,2021,8.230347
Oman,OMN,2022,4.0993004
Oman,OMN,2023,4.4470463
Pakistan,PAK,1990,1.9826452
Pakistan,PAK,1991,1.2354294
Pakistan,PAK,1992,0.94523746
Pakistan,PAK,1993,0.9381914
Pakistan,PAK,1994,1.3195506
Pakistan,PAK,1995,1.9345672
Pakistan,PAK,1996,1.6169341
Pakistan,PAK,1997,1.2018318
Pakistan,PAK,1998,0.38469833
Pakistan,PAK,1999,1.8386279
Pakistan,PAK,2000,2.6075575
Pakistan,PAK,2001,2.6384802
Pakistan,PAK,2002,5.387583
Pakistan,PAK,2003,6.5637975
Pakistan,PAK,2004,12.519394
Pakistan,PAK,2005,12.920444
Pakistan,PAK,2006,12.2281475
Pakistan,PAK,2007,11.359461
Pakistan,PAK,2008,11.476272
Pakistan,PAK,2009,9.56218
Pakistan,PAK,2010,9.997278
Pakistan,PAK,2011,10.56651
Pakistan,PAK,2012,11.487687
Pakistan,PAK,2013,11.599967
Pakistan,PAK,2014,13.372462
Pakistan,PAK,2015,18.450752
Pakistan,PAK,2016,19.490128
Pakistan,PAK,2017,14.915725
Pakistan,PAK,2018,14.471146
Pakistan,PAK,2019,14.959891
Pakistan,PAK,2020,11.651605
Pakistan,PAK,2021,12.091416
Pakistan,PAK,2022,15.745011
Pakistan,PAK,2023,17.79135
Panama,PAN,1990,4.7584224
Panama,PAN,1991,-8.732138
Panama,PAN,1992,-19.923763
Panama,PAN,1993,-14.761126
Panama,PAN,1994,-17.771875
Panama,PAN,1995,-10.883672
Panama,PAN,1996,-16.437656
Panama,PAN,1997,-13.496099
Panama,PAN,1998,-24.034142
Panama,PAN,1999,-15.2869835
Panama,PAN,2000,-21.660625
Panama,PAN,2001,-28.822916
Panama,PAN,2002,-20.73701
Panama,PAN,2003,-70.54106
Panama,PAN,2004,-65.470894
Panama,PAN,2005,-87.11702
Panama,PAN,2007,-96.07904
Panama,PAN,2009,-86.92459
Panama,PAN,2010,-88.215034
Panama,PAN,2011,-98.2811
Panama,PAN,2012,-93.49529
Panama,PAN,2013,-75.02443
Panama,PAN,2014,-65.21613
Panama,PAN,2015,-57.36144
Panama,PAN,2017,104.92981
Panama,PAN,2018,109.46273
Panama,PAN,2019,50.607105
Panama,PAN,2020,179.29292
Panama,PAN,2021,93.43597
Panama,PAN,2022,66.69434
Panama,PAN,2023,50.10694
Paraguay,PRY,1990,70.655464
Paraguay,PRY,1991,76.704865
Paraguay,PRY,1992,65.18582
Paraguay,PRY,1993,51.226986
Paraguay,PRY,1994,44.8247
Paraguay,PRY,1995,36.872868
Paraguay,PRY,1996,36.295715
Paraguay,PRY,1997,36.634632
Paraguay,PRY,1998,24.448647
Paraguay,PRY,1999,27.660961
Paraguay,PRY,2000,57.56231
Paraguay,PRY,2001,52.856396
Paraguay,PRY,2002,48.066162
Paraguay,PRY,2003,32.369297
Paraguay,PRY,2004,39.745346
Paraguay,PRY,2005,46.83563
Paraguay,PRY,2006,46.109486
Paraguay,PRY,2007,61.690598
Paraguay,PRY,2008,82.630714
Paraguay,PRY,2009,55.96878
Paraguay,PRY,2010,73.69303
Paraguay,PRY,2011,88.54213
Paraguay,PRY,2012,82.33596
Paraguay,PRY,2013,90.74021
Paraguay,PRY,2014,85.05207
Paraguay,PRY,2015,66.2016
Paraguay,PRY,2016,52.299225
Paraguay,PRY,2017,56.439472
Paraguay,PRY,2018,55.223003
Paraguay,PRY,2019,59.225365
Paraguay,PRY,2020,61.91102
Paraguay,PRY,2021,68.52339
Paraguay,PRY,2022,81.59465
Paraguay,PRY,2023,71.66474
Peru,PER,1990,8.357401
Peru,PER,1991,11.943196
Peru,PER,1992,13.255279
Peru,PER,1993,9.411559
Peru,PER,1994,10.203049
Peru,PER,1995,11.423765
Peru,PER,1996,11.422439
Peru,PER,1997,10.489647
Peru,PER,1998,13.549774
Peru,PER,1999,10.846086
Peru,PER,2000,10.615811
Peru,PER,2001,14.899357
Peru,PER,2002,18.451014
Peru,PER,2003,15.811354
Peru,PER,2004,10.014781
Peru,PER,2005,9.834087
Peru,PER,2006,14.873184
Peru,PER,2007,15.809463
Peru,PER,2008,31.497822
Peru,PER,2009,16.441025
Peru,PER,2010,24.664259
Peru,PER,2011,30.969057
Peru,PER,2012,31.665089
Peru,PER,2013,37.78178
Peru,PER,2014,28.382137
Peru,PER,2015,29.836124
Peru,PER,2016,26.128609
Peru,PER,2017,24.820583
Peru,PER,2018,25.996859
Peru,PER,2019,23.980276
Peru,PER,2020,29.712543
Peru,PER,2021,21.39675
Peru,PER,2022,21.548244
Peru,PER,2023,19.404284
Philippines,PHL,1990,24.657187
Philippines,PHL,1991,23.509039
Philippines,PHL,1992,21.598276
Philippines,PHL,1993,20.841862
Philippines,PHL,1994,20.002552
Philippines,PHL,1995,17.157806
Philippines,PHL,1996,28.305384
Philippines,PHL,1997,24.149555
Philippines,PHL,1998,14.018797
Philippines,PHL,1999,23.523907
Philippines,PHL,2000,22.631926
Philippines,PHL,2001,26.74202
Philippines,PHL,2002,26.13881
Philippines,PHL,2003,30.379496
Philippines,PHL,2004,29.520006
Philippines,PHL,2005,30.101452
Philippines,PHL,2006,29.698912
Philippines,PHL,2007,32.071953
Philippines,PHL,2008,32.78159
Philippines,PHL,2009,25.090595
Philippines,PHL,2010,26.78997
Philippines,PHL,2011,34.01338
Philippines,PHL,2012,37.481194
Philippines,PHL,2013,37.22415
Philippines,PHL,2014,36.943108
Philippines,PHL,2015,29.778736
Philippines,PHL,2016,36.85517
Philippines,PHL,2017,32.52604
Philippines,PHL,2018,31.98111
Philippines,PHL,2019,30.704838
Philippines,PHL,2020,33.49856
Philippines,PHL,2021,36.70362
Philippines,PHL,2022,35.830708
Philippines,PHL,2023,31.4399
Poland,POL,1990,-13.780428
Poland,POL,1991,-8.711435
Poland,POL,1992,-4.5237665
Poland,POL,1993,-7.5280414
Poland,POL,1994,-9.462708
Poland,POL,1995,-10.57479
Poland,POL,1996,-11.998627
Poland,POL,1997,-12.898594
Poland,POL,1998,-12.870846
Poland,POL,1999,-6.620094
Poland,POL,2000,-7.3160577
Poland,POL,2001,-7.7396445
Poland,POL,2002,-8.566307
Poland,POL,2003,-9.230415
Poland,POL,2004,-8.984887
Poland,POL,2005,-8.392687
Poland,POL,2006,-7.294708
Poland,POL,2007,-4.9892926
Poland,POL,2008,-2.0703592
Poland,POL,2009,-1.9741077
Poland,POL,2010,-1.3033657
Poland,POL,2011,-2.3740802
Poland,POL,2012,-1.446552
Poland,POL,2013,-5.47985
Poland,POL,2014,-3.6560304
Poland,POL,2015,-4.311564
Poland,POL,2016,-5.801246
Poland,POL,2017,-5.6957808
Poland,POL,2018,-2.069819
Poland,POL,2019,-2.4536984
Poland,POL,2020,-4.62025
Poland,POL,2021,-5.004229
Poland,POL,2022,-4.869114
Poland,POL,2023,-3.314339
Portugal,PRT,1990,16.503277
Portugal,PRT,1991,16.75147
Portugal,PRT,1992,19.707756
Portugal,PRT,1993,19.614834
Portugal,PRT,1994,19.83317
Portugal,PRT,1995,18.35866
Portugal,PRT,1996,18.31144
Portugal,PRT,1997,23.703846
Portugal,PRT,1998,28.83959
Portugal,PRT,1999,24.973097
Portugal,PRT,2000,34.987946
Portugal,PRT,2001,38.58991
Portugal,PRT,2002,32.54138
Portugal,PRT,2003,71.90009
Portugal,PRT,2004,65.81846
Portugal,PRT,2005,84.07355
Portugal,PRT,2006,82.57699
Portugal,PRT,2007,90.7678
Portugal,PRT,2008,95.12113
Portugal,PRT,2009,72.448944
Portugal,PRT,2010,86.883255
Portugal,PRT,2011,24.123142
Portugal,PRT,2012,2.5889862
Portugal,PRT,2013,5.8330417
Portugal,PRT,2014,4.0247936
Portugal,PRT,2015,0.85421014
Portugal,PRT,2016,9.931029
Portugal,PRT,2017,7.785596
Portugal,PRT,2018,11.811935
Portugal,PRT,2019,13.595556
Portugal,PRT,2020,16.884977
Portugal,PRT,2021,25.081028
Portugal,PRT,2022,24.919289
Portugal,PRT,2023,26.149172
Qatar,QAT,1990,-13.516303
Qatar,QAT,1991,-14.087786
Qatar,QAT,1992,-18.335146
Qatar,QAT,1993,-16.81057
Qatar,QAT,1994,-16.366179
Qatar,QAT,1995,-14.896946
Qatar,QAT,1996,-15.0395355
Qatar,QAT,1997,-17.523378
Qatar,QAT,1998,-16.61775
Qatar,QAT,1999,-55.082546
Qatar,QAT,2000,-62.594063
Qatar,QAT,2001,-58.85175
Qatar,QAT,2002,-52.418503
Qatar,QAT,2003,-49.625782
Qatar,QAT,2004,-51.26246
Qatar,QAT,2005,-43.56771
Qatar,QAT,2006,-39.718876
Qatar,QAT,2007,-30.321133
Qatar,QAT,2008,-29.807583
Qatar,QAT,2009,-16.84169
Qatar,QAT,2010,-28.94071
Qatar,QAT,2011,-43.878456
Qatar,QAT,2012,-46.797543
Qatar,QAT,2013,-39.27815
Qatar,QAT,2014,-31.788881
Qatar,QAT,2015,-21.44235
Qatar,QAT,2016,-16.384085
Qatar,QAT,2017,-25.826874
Qatar,QAT,2018,-25.973246
Qatar,QAT,2019,-23.195324
Qatar,QAT,2020,-22.087542
Qatar,QAT,2021,-28.678045
Qatar,QAT,2022,-36.168633
Qatar,QAT,2023,-31.215391
Romania,ROU,1990,-8.936313
Romania,ROU,1991,-9.5112095
Romania,ROU,1992,-13.144441
Romania,ROU,1993,-11.653087
Romania,ROU,1994,-15.412285
Romania,ROU,1995,-17.7009
Romania,ROU,1996,-22.639687
Romania,ROU,1997,-25.175272
Romania,ROU,1998,-16.8083
Romania,ROU,1999,-10.796859
Romania,ROU,2000,-5.7849765
Romania,ROU,2001,-4.279716
Romania,ROU,2002,-4.920164
Romania,ROU,2003,-3.7217648
Romania,ROU,2004,-1.7507644
Romania,ROU,2005,1.274059
Romania,ROU,2006,0.31221402
Romania,ROU,2007,4.8578405
Romania,ROU,2008,7.6509438
Romania,ROU,2009,4.3276343
Romania,ROU,2010,7.4864874
Romania,ROU,2011,2.1908264
Romania,ROU,2012,-2.2152328
Romania,ROU,2013,-1.7933418
Romania,ROU,2014,1.1521219
Romania,ROU,2015,0.92181545
Romania,ROU,2016,3.90755
Romania,ROU,2017,5.0318446
Romania,ROU,2018,10.338018
Romania,ROU,2019,11.025596
Romania,ROU,2020,9.514429
Romania,ROU,2021,10.900105
Romania,ROU,2022,14.169525
Romania,ROU,2023,15.302751
Russia,RUS,1990,-19.447638
Russia,RUS,1991,-14.516032
Russia,RUS,1992,-62.67896
Russia,RUS,1993,-41.323273
Russia,RUS,1994,-29.384808
Russia,RUS,1995,-28.763847
Russia,RUS,1996,-21.043997
Russia,RUS,1997,-19.902573
Russia,RUS,1998,-28.759361
Russia,RUS,1999,-33.027496
Russia,RUS,2000,-33.38917
Russia,RUS,2001,-27.370995
Russia,RUS,2002,-26.338776
Russia,RUS,2003,-23.969517
Russia,RUS,2004,-22.685858
Russia,RUS,2005,-22.906002
Russia,RUS,2006,-23.87002
Russia,RUS,2007,-19.559166
Russia,RUS,2008,-19.69337
Russia,RUS,2009,-20.292076
Russia,RUS,2010,-20.286316
Russia,RUS,2011,-19.238829
Russia,RUS,2012,-16.388885
Russia,RUS,2013,-15.557272
Russia,RUS,2014,-17.674269
Russia,RUS,2015,-22.382841
Russia,RUS,2016,-21.89959
Russia,RUS,2017,-21.523815
Russia,RUS,2018,-26.849928
Russia,RUS,2019,-24.531794
Russia,RUS,2020,-21.649376
Russia,RUS,2021,-26.060148
Russia,RUS,2022,-23.63836
Russia,RUS,2023,-18.876377
Rwanda,RWA,1990,20.063576
Rwanda,RWA,1991,22.809807
Rwanda,RWA,1992,23.640692
Rwanda,RWA,1993,23.794325
Rwanda,RWA,1994,26.938066
Rwanda,RWA,1995,30.10734
Rwanda,RWA,1996,9.5205765
Rwanda,RWA,1997,1.2910197
Rwanda,RWA,1998,3.2732148
Rwanda,RWA,1999,0.33277926
Rwanda,RWA,2000,38.069443
Rwanda,RWA,2001,-3.4750094
Rwanda,RWA,2002,-6.2235975
Rwanda,RWA,2003,-1.5527868
Rwanda,RWA,2004,10.063365
Rwanda,RWA,2005,-1.5808337
Rwanda,RWA,2006,0.7922977
Rwanda,RWA,2007,2.8374612
Rwanda,RWA,2008,8.832879
Rwanda,RWA,2009,-2.0151036
Rwanda,RWA,2010,3.6569219
Rwanda,RWA,2011,5.9716063
Rwanda,RWA,2012,10.676523
Rwanda,RWA,2013,0.4551044
Rwanda,RWA,2014,8.461901
Rwanda,RWA,2015,8.987161
Rwanda,RWA,2016,4.2587576
Rwanda,RWA,2017,61.730816
Rwanda,RWA,2018,92.00913
Rwanda,RWA,2019,91.0653
Rwanda,RWA,2020,79.92024
Rwanda,RWA,2021,75.380035
Rwanda,RWA,2022,73.728
Rwanda,RWA,2023,74.46455
Saudi Arabia,SAU,1990,-4.833699
Saudi Arabia,SAU,1991,-7.697131
Saudi Arabia,SAU,1992,-7.871995
Saudi Arabia,SAU,1993,-6.810428
Saudi Arabia,SAU,1994,-6.5973787
Saudi Arabia,SAU,1995,-6.823382
Saudi Arabia,SAU,1996,-6.2159505
Saudi Arabia,SAU,1997,-5.7450027
Saudi Arabia,SAU,1998,4.029174
Saudi Arabia,SAU,1999,-20.814451
Saudi Arabia,SAU,2000,-34.400146
Saudi Arabia,SAU,2001,-30.311401
Saudi Arabia,SAU,2002,-31.969288
Saudi Arabia,SAU,2003,-9.666026
Saudi Arabia,SAU,2004,-13.003158
Saudi Arabia,SAU,2005,-13.748829
Saudi Arabia,SAU,2006,-13.114269
Saudi Arabia,SAU,2007,-9.702526
Saudi Arabia,SAU,2008,-9.284456
Saudi Arabia,SAU,2009,-4.7857485
Saudi Arabia,SAU,2010,-6.4173207
Saudi Arabia,SAU,2011,-7.001209
Saudi Arabia,SAU,2012,-5.1875086
Saudi Arabia,SAU,2013,-2.2616713
Saudi Arabia,SAU,2014,0.96636194
Saudi Arabia,SAU,2015,4.675891
Saudi Arabia,SAU,2016,-0.19786698
Saudi Arabia,SAU,2017,-3.2102356
Saudi Arabia,SAU,2018,-5.549634
Saudi Arabia,SAU,2019,-5.102311
Saudi Arabia,SAU,2020,-0.7215567
Saudi Arabia,SAU,2021,-3.754641
Saudi Arabia,SAU,2022,-5.8740864
Saudi Arabia,SAU,2023,-3.4449785
Senegal,SEN,1990,11.987851
Senegal,SEN,1991,11.448705
Senegal,SEN,1992,13.248384
Senegal,SEN,1993,12.473769
Senegal,SEN,1994,7.574643
Senegal,SEN,1995,15.168566
Senegal,SEN,1996,24.252472
Senegal,SEN,1997,24.402561
Senegal,SEN,1998,21.272573
Senegal,SEN,1999,23.746134
Senegal,SEN,2000,30.67636
Senegal,SEN,2001,20.434431
Senegal,SEN,2002,25.26111
Senegal,SEN,2003,20.766323
Senegal,SEN,2004,21.273798
Senegal,SEN,2005,26.267418
Senegal,SEN,2006,40.471413
Senegal,SEN,2007,41.516697
Senegal,SEN,2008,53.243805
Senegal,SEN,2009,26.039167
Senegal,SEN,2010,14.256184
Senegal,SEN,2011,24.633307
Senegal,SEN,2012,33.31751
Senegal,SEN,2013,38.908146
Senegal,SEN,2014,42.632732
Senegal,SEN,2015,34.915985
Senegal,SEN,2016,43.54606
Senegal,SEN,2017,40.70033
Senegal,SEN,2018,45.762028
Senegal,SEN,2019,35.108223
Senegal,SEN,2020,44.18625
Senegal,SEN,2021,41.874535
Senegal,SEN,2022,34.869465
Senegal,SEN,2023,35.157528
Singapore,SGP,1990,41.839264
Singapore,SGP,1991,42.053642
Singapore,SGP,1992,58.12049
Singapore,SGP,1993,47.912376
Singapore,SGP,1994,30.33454
Singapore,SGP,1995,91.68808
Singapore,SGP,1996,66.02174
Singapore,SGP,1997,52.401535
Singapore,SGP,1998,35.79592
Singapore,SGP,1999,71.61913
Singapore,SGP,2000,322.68396
Singapore,SGP,2001,272.54465
Singapore,SGP,2002,278.64575
Singapore,SGP,2003,154.18953
Singapore,SGP,2004,188.95569
Singapore,SGP,2005,221.32883
Singapore,SGP,2006,229.31754
Singapore,SGP,2007,211.2071
Singapore,SGP,2008,335.6168
Singapore,SGP,2009,148.71375
Singapore,SGP,2010,137.5139
Singapore,SGP,2011,323.49725
Singapore,SGP,2012,345.59457
Singapore,SGP,2013,414.50015
Singapore,SGP,2014,298.05505
Singapore,SGP,2015,229.84435
Singapore,SGP,2016,229.42795
Singapore,SGP,2017,238.3101
Singapore,SGP,2018,251.25674
Singapore,SGP,2019,258.48746
Singapore,SGP,2020,233.19785
Singapore,SGP,2021,253.40164
Singapore,SGP,2022,299.67825
Singapore,SGP,2023,266.03568
Slovakia,SVK,1990,15.362217
Slovakia,SVK,1991,5.911667
Slovakia,SVK,1992,10.368491
Slovakia,SVK,1993,7.788917
Slovakia,SVK,1994,0.3972466
Slovakia,SVK,1995,3.6927674
Slovakia,SVK,1996,0.6777096
Slovakia,SVK,1997,-1.972289
Slovakia,SVK,1998,4.1900725
Slovakia,SVK,1999,2.4577408
Slovakia,SVK,2000,2.2265935
Slovakia,SVK,2001,2.0523229
Slovakia,SVK,2002,1.207888
Slovakia,SVK,2003,-1.9176553
Slovakia,SVK,2004,-0.6518022
Slovakia,SVK,2005,-6.2202754
Slovakia,SVK,2006,1.3254423
Slovakia,SVK,2007,16.607595
Slovakia,SVK,2008,23.124565
Slovakia,SVK,2009,17.603975
Slovakia,SVK,2010,24.821526
Slovakia,SVK,2011,26.556612
Slovakia,SVK,2012,15.329634
Slovakia,SVK,2013,12.202593
Slovakia,SVK,2014,11.656532
Slovakia,SVK,2015,10.857112
Slovakia,SVK,2016,16.207607
Slovakia,SVK,2017,9.2461
Slovakia,SVK,2018,12.628994
Slovakia,SVK,2019,14.632487
Slovakia,SVK,2020,15.266319
Slovakia,SVK,2021,13.149589
Slovakia,SVK,2022,19.316326
Slovakia,SVK,2023,13.874635
Slovenia,SVN,1990,42.408333
Slovenia,SVN,1991,43.68076
Slovenia,SVN,1992,60.432148
Slovenia,SVN,1993,46.816856
Slovenia,SVN,1994,36.22165
Slovenia,SVN,1995,36.244183
Slovenia,SVN,1996,32.011116
Slovenia,SVN,1997,31.19036
Slovenia,SVN,1998,37.14834
Slovenia,SVN,1999,23.254774
Slovenia,SVN,2000,28.81425
Slovenia,SVN,2001,25.016968
Slovenia,SVN,2002,18.50412
Slovenia,SVN,2003,21.633556
Slovenia,SVN,2004,22.498308
Slovenia,SVN,2005,22.12082
Slovenia,SVN,2006,22.791292
Slovenia,SVN,2007,33.159428
Slovenia,SVN,2008,29.573841
Slovenia,SVN,2009,17.905415
Slovenia,SVN,2010,20.304363
Slovenia,SVN,2011,27.711857
Slovenia,SVN,2012,20.177614
Slovenia,SVN,2013,17.842672
Slovenia,SVN,2014,26.881727
Slovenia,SVN,2015,29.13622
Slovenia,SVN,2016,24.818806
Slovenia,SVN,2017,32.696507
Slovenia,SVN,2018,41.140064
Slovenia,SVN,2019,42.572308
Slovenia,SVN,2020,43.14583
Slovenia,SVN,2021,54.34125
Slovenia,SVN,2022,62.001816
Slovenia,SVN,2023,64.29438
South Africa,ZAF,1990,0
South Africa,ZAF,1991,0
South Africa,ZAF,1992,0.000010619619
South Africa,ZAF,1993,0
South Africa,ZAF,1994,0
South Africa,ZAF,1995,0
South Africa,ZAF,1996,0.000008797679
South Africa,ZAF,1997,-0.00000830704
South Africa,ZAF,1998,0
South Africa,ZAF,1999,0
South Africa,ZAF,2000,-24.169165
South Africa,ZAF,2001,-26.200624
South Africa,ZAF,2002,-28.453154
South Africa,ZAF,2003,-31.96696
South Africa,ZAF,2004,-28.971718
South Africa,ZAF,2005,-28.890095
South Africa,ZAF,2006,-25.163929
South Africa,ZAF,2007,-26.608795
South Africa,ZAF,2008,-31.126562
South Africa,ZAF,2009,-25.489922
South Africa,ZAF,2010,-25.1249
South Africa,ZAF,2011,-25.5101
South Africa,ZAF,2012,-24.061512
South Africa,ZAF,2013,-21.746143
South Africa,ZAF,2014,-24.865807
South Africa,ZAF,2015,-23.42895
South Africa,ZAF,2016,-22.466385
South Africa,ZAF,2017,-21.037743
South Africa,ZAF,2018,-21.684418
South Africa,ZAF,2019,-21.933441
South Africa,ZAF,2020,-22.963463
South Africa,ZAF,2021,-25.35452
South Africa,ZAF,2022,-25.761078
South Africa,ZAF,2023,-25.474533
South America,OWID_SAM,1990,-1.7722996
South America,OWID_SAM,1991,-0.07233499
South America,OWID_SAM,1992,1.6315717
South America,OWID_SAM,1993,0.23882617
South America,OWID_SAM,1994,0.41649112
South America,OWID_SAM,1995,1.319361
South America,OWID_SAM,1996,0.35558784
South America,OWID_SAM,1997,2.0219846
South America,OWID_SAM,1998,3.0342696
South America,OWID_SAM,1999,-6.021308
South America,OWID_SAM,2000,-6.786824
South America,OWID_SAM,2001,-5.7076893
South America,OWID_SAM,2002,-15.283319
South America,OWID_SAM,2003,-9.562345
South America,OWID_SAM,2004,-9.435255
South America,OWID_SAM,2005,-7.6835284
South America,OWID_SAM,2006,-5.5941
South America,OWID_SAM,2007,-1.7271168
South America,OWID_SAM,2008,3.5409887
South America,OWID_SAM,2009,0.50666535
South America,OWID_SAM,2010,2.0077474
South America,OWID_SAM,2011,5.5800056
South America,OWID_SAM,2012,5.481272
South America,OWID_SAM,2013,6.0530925
South America,OWID_SAM,2014,8.459348
South America,OWID_SAM,2015,3.7907453
South America,OWID_SAM,2016,-0.8823781
South America,OWID_SAM,2017,1.1006056
South America,OWID_SAM,2018,-3.3352323
South America,OWID_SAM,2019,-1.5829725
South America,OWID_SAM,2020,1.4250978
South America,OWID_SAM,2021,-0.20113987
South America,OWID_SAM,2022,0.8453023
South America,OWID_SAM,2023,1.6905102
South Korea,KOR,1990,32.124153
South Korea,KOR,1991,28.37732
South Korea,KOR,1992,40.12152
South Korea,KOR,1993,27.523964
South Korea,KOR,1994,23.750858
South Korea,KOR,1995,21.551617
South Korea,KOR,1996,19.514612
South Korea,KOR,1997,12.275698
South Korea,KOR,1998,-2.7956486
South Korea,KOR,1999,6.208184
South Korea,KOR,2000,14.1458435
South Korea,KOR,2001,10.597749
South Korea,KOR,2002,13.579151
South Korea,KOR,2003,13.196327
South Korea,KOR,2004,14.576138
South Korea,KOR,2005,19.18779
South Korea,KOR,2006,21.626856
South Korea,KOR,2007,23.07059
South Korea,KOR,2008,20.98398
South Korea,KOR,2009,6.705865
South Korea,KOR,2010,10.135563
South Korea,KOR,2011,9.571962
South Korea,KOR,2012,5.9059114
South Korea,KOR,2013,5.542896
South Korea,KOR,2014,10.3817005
South Korea,KOR,2015,6.638477
South Korea,KOR,2016,4.938556
South Korea,KOR,2017,7.2232084
South Korea,KOR,2018,11.79733
South Korea,KOR,2019,13.843636
South Korea,KOR,2020,14.122927
South Korea,KOR,2021,16.478086
South Korea,KOR,2022,19.080034
South Korea,KOR,2023,20.31405
Spain,ESP,1990,18.112045
Spain,ESP,1991,16.001995
Spain,ESP,1992,21.91343
Spain,ESP,1993,16.48494
Spain,ESP,1994,12.306359
Spain,ESP,1995,11.244619
Spain,ESP,1996,10.974336
Spain,ESP,1997,6.970512
Spain,ESP,1998,8.213451
Spain,ESP,1999,6.8440537
Spain,ESP,2000,7.8851986
Spain,ESP,2001,7.6790214
Spain,ESP,2002,7.860107
Spain,ESP,2003,9.945515
Spain,ESP,2004,11.402279
Spain,ESP,2005,14.87481
Spain,ESP,2006,18.007154
Spain,ESP,2007,18.265806
Spain,ESP,2008,19.87339
Spain,ESP,2009,16.321226
Spain,ESP,2010,16.33059
Spain,ESP,2011,13.473572
Spain,ESP,2012,4.134223
Spain,ESP,2013,23.417887
Spain,ESP,2014,9.838835
Spain,ESP,2015,4.11848
Spain,ESP,2016,6.2153344
Spain,ESP,2017,7.6062574
Spain,ESP,2018,11.394117
Spain,ESP,2019,13.33124
Spain,ESP,2020,18.935905
Spain,ESP,2021,20.300676
Spain,ESP,2022,18.94518
Spain,ESP,2023,20.957283
Sri Lanka,LKA,1990,-14.615293
Sri Lanka,LKA,1991,-13.098381
Sri Lanka,LKA,1992,-16.460289
Sri Lanka,LKA,1993,-16.905077
Sri Lanka,LKA,1994,-17.423767
Sri Lanka,LKA,1995,-18.534409
Sri Lanka,LKA,1996,-19.262869
Sri Lanka,LKA,1997,-25.815825
Sri Lanka,LKA,1998,-25.824984
Sri Lanka,LKA,1999,91.76348
Sri Lanka,LKA,2000,78.31557
Sri Lanka,LKA,2001,89.04296
Sri Lanka,LKA,2002,109.968704
Sri Lanka,LKA,2003,68.51384
Sri Lanka,LKA,2004,74.06705
Sri Lanka,LKA,2005,79.78443
Sri Lanka,LKA,2006,87.42794
Sri Lanka,LKA,2007,70.25918
Sri Lanka,LKA,2008,83.91378
Sri Lanka,LKA,2009,61.62221
Sri Lanka,LKA,2010,85.9492
Sri Lanka,LKA,2011,123.56429
Sri Lanka,LKA,2012,103.466515
Sri Lanka,LKA,2013,137.23091
Sri Lanka,LKA,2014,117.228096
Sri Lanka,LKA,2015,102.17976
Sri Lanka,LKA,2016,94.76008
Sri Lanka,LKA,2017,94.59523
Sri Lanka,LKA,2018,111.713875
Sri Lanka,LKA,2019,104.52538
Sri Lanka,LKA,2020,105.038055
Sri Lanka,LKA,2021,119.67097
Sri Lanka,LKA,2022,149.51776
Sri Lanka,LKA,2023,142.29994
Sweden,SWE,1990,95.36076
Sweden,SWE,1991,83.61652
Sweden,SWE,1992,99.59993
Sweden,SWE,1993,86.950584
Sweden,SWE,1994,78.595924
Sweden,SWE,1995,81.16763
Sweden,SWE,1996,50.760094
Sweden,SWE,1997,42.3177
Sweden,SWE,1998,47.173973
Sweden,SWE,1999,42.359436
Sweden,SWE,2000,53.641155
Sweden,SWE,2001,38.017406
Sweden,SWE,2002,41.721157
Sweden,SWE,2003,47.80971
Sweden,SWE,2004,49.562866
Sweden,SWE,2005,61.200188
Sweden,SWE,2006,64.159134
Sweden,SWE,2007,68.21861
Sweden,SWE,2008,70.814095
Sweden,SWE,2009,57.317104
Sweden,SWE,2010,57.117695
Sweden,SWE,2011,67.26999
Sweden,SWE,2012,60.951015
Sweden,SWE,2013,60.75792
Sweden,SWE,2014,64.44428
Sweden,SWE,2015,59.654438
Sweden,SWE,2016,62.3724
Sweden,SWE,2017,67.60324
Sweden,SWE,2018,69.811905
Sweden,SWE,2019,64.32438
Sweden,SWE,2020,64.16255
Sweden,SWE,2021,71.59237
Sweden,SWE,2022,82.540764
Sweden,SWE,2023,68.13934
Switzerland,CHE,1990,96.51027
Switzerland,CHE,1991,89.23645
Switzerland,CHE,1992,110.351814
Switzerland,CHE,1993,101.8971
Switzerland,CHE,1994,102.72397
Switzerland,CHE,1995,107.275444
Switzerland,CHE,1996,124.36003
Switzerland,CHE,1997,116.00255
Switzerland,CHE,1998,141.02478
Switzerland,CHE,1999,91.97528
Switzerland,CHE,2000,108.020096
Switzerland,CHE,2001,143.0541
Switzerland,CHE,2002,125.3588
Switzerland,CHE,2003,126.85643
Switzerland,CHE,2004,127.057434
Switzerland,CHE,2005,142.33342
Switzerland,CHE,2006,171.18251
Switzerland,CHE,2007,169.62286
Switzerland,CHE,2008,148.55219
Switzerland,CHE,2009,177.03215
Switzerland,CHE,2010,151.82516
Switzerland,CHE,2011,211.42157
Switzerland,CHE,2012,315.10703
Switzerland,CHE,2013,254.60506
Switzerland,CHE,2014,307.74518
Switzerland,CHE,2015,311.95505
Switzerland,CHE,2016,335.4509
Switzerland,CHE,2017,253.79893
Switzerland,CHE,2018,244.2061
Switzerland,CHE,2019,236.77701
Switzerland,CHE,2020,219.7316
Switzerland,CHE,2021,236.43565
Switzerland,CHE,2022,281.3857
Switzerland,CHE,2023,270.04022
Taiwan,TWN,1990,-34.33363
Taiwan,TWN,1991,-34.744328
Taiwan,TWN,1992,-32.05591
Taiwan,TWN,1993,-32.630413
Taiwan,TWN,1994,-32.449974
Taiwan,TWN,1995,-34.70122
Taiwan,TWN,1996,-34.997803
Taiwan,TWN,1997,27.599586
Taiwan,TWN,1998,20.285421
Taiwan,TWN,1999,27.389534
Taiwan,TWN,2000,24.710302
Taiwan,TWN,2001,14.076172
Taiwan,TWN,2002,14.0062685
Taiwan,TWN,2003,7.51628
Taiwan,TWN,2004,18.993156
Taiwan,TWN,2005,12.444098
Taiwan,TWN,2006,10.005149
Taiwan,TWN,2007,1.7334019
Taiwan,TWN,2008,4.204582
Taiwan,TWN,2009,-3.7298577
Taiwan,TWN,2010,9.683251
Taiwan,TWN,2011,11.173228
Taiwan,TWN,2012,2.8152485
Taiwan,TWN,2013,4.474273
Taiwan,TWN,2014,7.7135344
Taiwan,TWN,2015,-3.792749
Taiwan,TWN,2016,0.21887459
Taiwan,TWN,2017,1.0549486
Taiwan,TWN,2018,1.2348702
Taiwan,TWN,2019,4.564587
Taiwan,TWN,2020,2.0991118
Taiwan,TWN,2021,2.7315364
Taiwan,TWN,2022,7.969971
Taiwan,TWN,2023,10.360246
Tajikistan,TJK,1990,-54.771633
Tajikistan,TJK,1991,-56.52148
Tajikistan,TJK,1992,-43.96578
Tajikistan,TJK,1993,-45.39254
Tajikistan,TJK,1994,-45.201126
Tajikistan,TJK,1995,-77.573326
Tajikistan,TJK,1996,-12.281649
Tajikistan,TJK,1997,55.32813
Tajikistan,TJK,1998,67.72569
Tajikistan,TJK,1999,59.667343
Tajikistan,TJK,2000,67.89927
Tajikistan,TJK,2001,64.052704
Tajikistan,TJK,2002,133.89722
Tajikistan,TJK,2003,179.67105
Tajikistan,TJK,2004,136.93596
Tajikistan,TJK,2005,195.19688
Tajikistan,TJK,2006,244.59604
Tajikistan,TJK,2007,98.15806
Tajikistan,TJK,2008,166.7973
Tajikistan,TJK,2009,150.6526
Tajikistan,TJK,2010,239.07112
Tajikistan,TJK,2011,270.1424
Tajikistan,TJK,2012,123.73797
Tajikistan,TJK,2013,278.24274
Tajikistan,TJK,2014,337.45724
Tajikistan,TJK,2015,81.201126
Tajikistan,TJK,2016,131.67725
Tajikistan,TJK,2017,102.57407
Tajikistan,TJK,2018,47.03626
Tajikistan,TJK,2019,36.362175
Tajikistan,TJK,2020,22.625488
Tajikistan,TJK,2021,20.154228
Tajikistan,TJK,2022,30.903704
Tajikistan,TJK,2023,26.855354
Tanzania,TZA,1990,36.838596
Tanzania,TZA,1991,37.698402
Tanzania,TZA,1992,40.15336
Tanzania,TZA,1993,33.745903
Tanzania,TZA,1994,44.85897
Tanzania,TZA,1995,34.907238
Tanzania,TZA,1996,33.602455
Tanzania,TZA,1997,33.217113
Tanzania,TZA,1998,45.85077
Tanzania,TZA,1999,52.743908
Tanzania,TZA,2000,94.27933
Tanzania,TZA,2001,88.50765
Tanzania,TZA,2002,75.892296
Tanzania,TZA,2003,62.652973
Tanzania,TZA,2004,56.59405
Tanzania,TZA,2005,56.922035
Tanzania,TZA,2006,41.125034
Tanzania,TZA,2007,54.49752
Tanzania,TZA,2008,87.38438
Tanzania,TZA,2009,62.37156
Tanzania,TZA,2010,48.017246
Tanzania,TZA,2011,59.32336
Tanzania,TZA,2012,43.7647
Tanzania,TZA,2013,75.30995
Tanzania,TZA,2014,77.97928
Tanzania,TZA,2015,61.987026
Tanzania,TZA,2016,42.44834
Tanzania,TZA,2017,35.82888
Tanzania,TZA,2018,41.686028
Tanzania,TZA,2019,31.314808
Tanzania,TZA,2020,34.414257
Tanzania,TZA,2021,35.55754
Tanzania,TZA,2022,30.945099
Tanzania,TZA,2023,26.972002
Thailand,THA,1990,44.19348
Thailand,THA,1991,32.649654
Thailand,THA,1992,56.78132
Thailand,THA,1993,32.514236
Thailand,THA,1994,22.152424
Thailand,THA,1995,16.166567
Thailand,THA,1996,3.8583543
Thailand,THA,1997,-7.0018816
Thailand,THA,1998,-19.694645
Thailand,THA,1999,-10.58652
Thailand,THA,2000,-10.36453
Thailand,THA,2001,-9.284713
Thailand,THA,2002,-6.7864466
Thailand,THA,2003,-1.9766333
Thailand,THA,2004,0.032257646
Thailand,THA,2005,3.4217916
Thailand,THA,2006,1.0650645
Thailand,THA,2007,-0.24043995
Thailand,THA,2008,4.7478633
Thailand,THA,2009,1.1628159
Thailand,THA,2010,6.788239
Thailand,THA,2011,8.029534
Thailand,THA,2012,9.313936
Thailand,THA,2013,11.927318
Thailand,THA,2014,1.2796588
Thailand,THA,2015,-1.0236467
Thailand,THA,2016,0.4627428
Thailand,THA,2017,2.4524844
Thailand,THA,2018,5.9693584
Thailand,THA,2019,7.731519
Thailand,THA,2020,10.353814
Thailand,THA,2021,15.79777
Thailand,THA,2022,17.23353
Thailand,THA,2023,15.4243765
Togo,TGO,1990,-5.170958
Togo,TGO,1991,-5.24435
Togo,TGO,1992,-2.4286304
Togo,TGO,1993,-1.6457368
Togo,TGO,1994,-3.2386997
Togo,TGO,1995,-0.24027637
Togo,TGO,1996,-7.0053678
Togo,TGO,1997,-8.096047
Togo,TGO,1998,-10.100366
Togo,TGO,1999,-32.98299
Togo,TGO,2000,-26.264265
Togo,TGO,2001,-34.65424
Togo,TGO,2002,-24.780382
Togo,TGO,2003,-38.428753
Togo,TGO,2004,-41.10896
Togo,TGO,2005,-35.020287
Togo,TGO,2006,149.41339
Togo,TGO,2007,-15.590123
Togo,TGO,2008,-19.131153
Togo,TGO,2009,-26.384933
Togo,TGO,2010,-29.429386
Togo,TGO,2011,-30.413246
Togo,TGO,2012,-16.902836
Togo,TGO,2013,-27.079517
Togo,TGO,2014,-11.564791
Togo,TGO,2015,-0.45662412
Togo,TGO,2016,-0.81285113
Togo,TGO,2017,-6.700599
Togo,TGO,2018,287.38486
Togo,TGO,2019,238.11604
Togo,TGO,2020,174.05943
Togo,TGO,2021,218.93909
Togo,TGO,2022,224.43964
Togo,TGO,2023,223.74736
Trinidad and Tobago,TTO,1990,-37.967697
Trinidad and Tobago,TTO,1991,-33.794106
Trinidad and Tobago,TTO,1992,-33.02092
Trinidad and Tobago,TTO,1993,-33.130905
Trinidad and Tobago,TTO,1994,-35.679207
Trinidad and Tobago,TTO,1995,-40.496284
Trinidad and Tobago,TTO,1996,-38.46323
Trinidad and Tobago,TTO,1997,-37.3433
Trinidad and Tobago,TTO,1998,-34.135693
Trinidad and Tobago,TTO,1999,-49.219902
Trinidad and Tobago,TTO,2000,-58.662376
Trinidad and Tobago,TTO,2001,-54.825035
Trinidad and Tobago,TTO,2002,-48.12829
Trinidad and Tobago,TTO,2003,-45.546516
Trinidad and Tobago,TTO,2004,-47.35084
Trinidad and Tobago,TTO,2005,-57.664772
Trinidad and Tobago,TTO,2006,-65.978096
Trinidad and Tobago,TTO,2007,-55.3305
Trinidad and Tobago,TTO,2008,-55.567696
Trinidad and Tobago,TTO,2009,-42.37642
Trinidad and Tobago,TTO,2010,-45.979847
Trinidad and Tobago,TTO,2011,-58.52734
Trinidad and Tobago,TTO,2012,-53.265106
Trinidad and Tobago,TTO,2013,-68.61786
Trinidad and Tobago,TTO,2014,-58.67007
Trinidad and Tobago,TTO,2015,-49.17256
Trinidad and Tobago,TTO,2016,-28.76685
Trinidad and Tobago,TTO,2017,-38.467648
Trinidad and Tobago,TTO,2018,-43.150845
Trinidad and Tobago,TTO,2019,-36.809532
Trinidad and Tobago,TTO,2020,-26.63617
Trinidad and Tobago,TTO,2021,-43.07259
Trinidad and Tobago,TTO,2022,-55.100693
Trinidad and Tobago,TTO,2023,-37.100285
Tunisia,TUN,1990,-11.795758
Tunisia,TUN,1991,-18.273848
Tunisia,TUN,1992,4.0399156
Tunisia,TUN,1993,-9.44031
Tunisia,TUN,1994,-18.07479
Tunisia,TUN,1995,-17.344173
Tunisia,TUN,1996,-27.11685
Tunisia,TUN,1997,-30.344934
Tunisia,TUN,1998,-30.568192
Tunisia,TUN,1999,-25.270264
Tunisia,TUN,2000,-28.867126
Tunisia,TUN,2001,-31.184004
Tunisia,TUN,2002,-29.218882
Tunisia,TUN,2003,-25.69538
Tunisia,TUN,2004,-28.661802
Tunisia,TUN,2005,-31.387041
Tunisia,TUN,2006,-29.240074
Tunisia,TUN,2007,-32.38409
Tunisia,TUN,2008,-33.918026
Tunisia,TUN,2009,-25.863005
Tunisia,TUN,2010,-27.353786
Tunisia,TUN,2011,-28.048565
Tunisia,TUN,2012,-26.225971
Tunisia,TUN,2013,-27.053146
Tunisia,TUN,2014,-24.877102
Tunisia,TUN,2015,-24.000933
Tunisia,TUN,2016,-21.69515
Tunisia,TUN,2017,-23.349709
Tunisia,TUN,2018,-0.54280436
Tunisia,TUN,2019,-1.6925844
Tunisia,TUN,2020,0.30246687
Tunisia,TUN,2021,-0.0004567555
Tunisia,TUN,2022,-2.3656638
Tunisia,TUN,2023,-4.9118934
Turkey,TUR,1990,35.622936
Turkey,TUR,1991,30.804216
Turkey,TUR,1992,45.636013
Turkey,TUR,1993,30.598818
Turkey,TUR,1994,21.613697
Turkey,TUR,1995,20.339842
Turkey,TUR,1996,5.6577706
Turkey,TUR,1997,4.9323397
Turkey,TUR,1998,5.932227
Turkey,TUR,1999,9.415954
Turkey,TUR,2000,9.040152
Turkey,TUR,2001,-5.842187
Turkey,TUR,2002,0.009935817
Turkey,TUR,2003,3.797236
Turkey,TUR,2004,13.999847
Turkey,TUR,2005,15.578345
Turkey,TUR,2006,18.393362
Turkey,TUR,2007,17.884193
Turkey,TUR,2008,15.065851
Turkey,TUR,2009,5.4003077
Turkey,TUR,2010,14.869707
Turkey,TUR,2011,16.361252
Turkey,TUR,2012,13.611764
Turkey,TUR,2013,15.361121
Turkey,TUR,2014,12.747952
Turkey,TUR,2015,11.457295
Turkey,TUR,2016,7.933447
Turkey,TUR,2017,7.1661305
Turkey,TUR,2018,5.7771626
Turkey,TUR,2019,3.0161488
Turkey,TUR,2020,1.1697084
Turkey,TUR,2021,-2.0509002
Turkey,TUR,2022,-0.27554026
Turkey,TUR,2023,-0.8037843
Uganda,UGA,1990,72.57188
Uganda,UGA,1991,70.66607
Uganda,UGA,1992,74.16391
Uganda,UGA,1993,93.392876
Uganda,UGA,1994,106.39692
Uganda,UGA,1995,82.749504
Uganda,UGA,1996,66.50475
Uganda,UGA,1997,67.9338
Uganda,UGA,1998,66.40691
Uganda,UGA,1999,128.16092
Uganda,UGA,2000,102.08123
Uganda,UGA,2001,82.14216
Uganda,UGA,2002,105.434746
Uganda,UGA,2003,75.177246
Uganda,UGA,2004,78.75903
Uganda,UGA,2005,69.231285
Uganda,UGA,2006,61.32453
Uganda,UGA,2007,61.20015
Uganda,UGA,2008,60.687565
Uganda,UGA,2009,67.00156
Uganda,UGA,2010,57.568512
Uganda,UGA,2011,59.210842
Uganda,UGA,2012,49.77939
Uganda,UGA,2013,53.362244
Uganda,UGA,2014,53.861588
Uganda,UGA,2015,42.494904
Uganda,UGA,2016,41.322098
Uganda,UGA,2017,40.658672
Uganda,UGA,2018,39.48741
Uganda,UGA,2019,34.872265
Uganda,UGA,2020,34.30406
Uganda,UGA,2021,37.47979
Uganda,UGA,2022,47.283066
Uganda,UGA,2023,41.145416
Ukraine,UKR,1990,-26.974222
Ukraine,UKR,1991,-26.26239
Ukraine,UKR,1992,-24.375149
Ukraine,UKR,1993,-25.556046
Ukraine,UKR,1994,-32.816196
Ukraine,UKR,1995,-41.424053
Ukraine,UKR,1996,-19.307076
Ukraine,UKR,1997,-19.200829
Ukraine,UKR,1998,-23.627335
Ukraine,UKR,1999,-21.380898
Ukraine,UKR,2000,-24.177862
Ukraine,UKR,2001,-16.227385
Ukraine,UKR,2002,-17.536245
Ukraine,UKR,2003,-28.810863
Ukraine,UKR,2004,-33.91194
Ukraine,UKR,2005,-25.023104
Ukraine,UKR,2006,-22.654755
Ukraine,UKR,2007,-15.646474
Ukraine,UKR,2008,-10.601217
Ukraine,UKR,2009,-10.740545
Ukraine,UKR,2010,-19.520779
Ukraine,UKR,2011,-13.9034605
Ukraine,UKR,2012,-15.3106165
Ukraine,UKR,2013,-15.381531
Ukraine,UKR,2014,-24.222155
Ukraine,UKR,2015,-25.195637
Ukraine,UKR,2016,-18.422922
Ukraine,UKR,2017,-10.57511
Ukraine,UKR,2018,-8.02773
Ukraine,UKR,2019,-5.7689905
Ukraine,UKR,2020,-6.0813484
Ukraine,UKR,2021,-3.6224222
Ukraine,UKR,2022,17.538036
Ukraine,UKR,2023,19.364902
United Arab Emirates,ARE,1990,6.13006
United Arab Emirates,ARE,1991,6.24135
United Arab Emirates,ARE,1992,8.189967
United Arab Emirates,ARE,1993,3.3322387
United Arab Emirates,ARE,1994,3.723584
United Arab Emirates,ARE,1995,7.2978926
United Arab Emirates,ARE,1996,5.1112003
United Arab Emirates,ARE,1997,13.727003
United Arab Emirates,ARE,1998,20.817131
United Arab Emirates,ARE,1999,31.186243
United Arab Emirates,ARE,2000,-23.628395
United Arab Emirates,ARE,2001,-11.959025
United Arab Emirates,ARE,2002,3.9685478
United Arab Emirates,ARE,2003,16.784191
United Arab Emirates,ARE,2004,18.733875
United Arab Emirates,ARE,2005,28.463968
United Arab Emirates,ARE,2006,39.07118
United Arab Emirates,ARE,2007,41.08992
United Arab Emirates,ARE,2008,42.762012
United Arab Emirates,ARE,2009,26.025997
United Arab Emirates,ARE,2010,16.515991
United Arab Emirates,ARE,2011,16.85541
United Arab Emirates,ARE,2012,15.763103
United Arab Emirates,ARE,2013,20.735243
United Arab Emirates,ARE,2014,20.622715
United Arab Emirates,ARE,2015,16.175465
United Arab Emirates,ARE,2016,13.649469
United Arab Emirates,ARE,2017,21.449625
United Arab Emirates,ARE,2018,21.142298
United Arab Emirates,ARE,2019,16.004078
United Arab Emirates,ARE,2020,3.025315
United Arab Emirates,ARE,2021,12.919882
United Arab Emirates,ARE,2022,21.99389
United Arab Emirates,ARE,2023,17.889105
United Kingdom,GBR,1990,10.642427
United Kingdom,GBR,1991,11.096113
United Kingdom,GBR,1992,18.192116
United Kingdom,GBR,1993,13.93466
United Kingdom,GBR,1994,13.444209
United Kingdom,GBR,1995,14.408574
United Kingdom,GBR,1996,14.821333
United Kingdom,GBR,1997,17.528898
United Kingdom,GBR,1998,21.703924
United Kingdom,GBR,1999,22.60328
United Kingdom,GBR,2000,29.88657
United Kingdom,GBR,2001,26.21362
United Kingdom,GBR,2002,31.160133
United Kingdom,GBR,2003,33.484886
United Kingdom,GBR,2004,35.09376
United Kingdom,GBR,2005,34.276905
United Kingdom,GBR,2006,35.04735
United Kingdom,GBR,2007,36.70876
United Kingdom,GBR,2008,34.240772
United Kingdom,GBR,2009,29.895514
United Kingdom,GBR,2010,34.178608
United Kingdom,GBR,2011,33.40507
United Kingdom,GBR,2012,31.399366
United Kingdom,GBR,2013,30.81983
United Kingdom,GBR,2014,37.85251
United Kingdom,GBR,2015,41.315113
United Kingdom,GBR,2016,45.896698
United Kingdom,GBR,2017,44.13618
United Kingdom,GBR,2018,43.588127
United Kingdom,GBR,2019,43.86002
United Kingdom,GBR,2020,44.022392
United Kingdom,GBR,2021,51.18754
United Kingdom,GBR,2022,61.60119
United Kingdom,GBR,2023,58.238598
United States,USA,1990,-1.5671103
United States,USA,1991,-2.0099308
United States,USA,1992,0.16931652
United States,USA,1993,-0.9931666
United States,USA,1994,-0.7345888
United States,USA,1995,-0.7239081
United States,USA,1996,-0.99780273
United States,USA,1997,-0.6082835
United States,USA,1998,1.7874069
United States,USA,1999,2.3648574
United States,USA,2000,3.429137
United States,USA,2001,4.158808
United States,USA,2002,5.4809594
United States,USA,2003,7.1433606
United States,USA,2004,7.268713
United States,USA,2005,8.635822
United States,USA,2006,9.488241
United States,USA,2007,6.6189938
United States,USA,2008,5.048863
United States,USA,2009,4.3743157
United States,USA,2010,3.8908477
United States,USA,2011,3.582335
United States,USA,2012,4.104985
United States,USA,2013,3.0015233
United States,USA,2014,4.104036
United States,USA,2015,6.054422
United States,USA,2016,5.955706
United States,USA,2017,6.3654766
United States,USA,2018,6.0303416
United States,USA,2019,6.5731497
United States,USA,2020,8.808845
United States,USA,2021,9.353411
United States,USA,2022,10.099805
United States,USA,2023,10.435338
Upper-middle-income countries,OWID_UMC,1990,-11.3667965
Upper-middle-income countries,OWID_UMC,1991,-11.908425
Upper-middle-income countries,OWID_UMC,1992,-10.374606
Upper-middle-income countries,OWID_UMC,1993,-9.886214
Upper-middle-income countries,OWID_UMC,1994,-13.424943
Upper-middle-income countries,OWID_UMC,1995,-13.586409
Upper-middle-income countries,OWID_UMC,1996,-12.224939
Upper-middle-income countries,OWID_UMC,1997,-13.082938
Upper-middle-income countries,OWID_UMC,1998,-14.211863
Upper-middle-income countries,OWID_UMC,1999,-13.4919405
Upper-middle-income countries,OWID_UMC,2000,-15.259355
Upper-middle-income countries,OWID_UMC,2001,-14.972598
Upper-middle-income countries,OWID_UMC,2002,-16.38831
Upper-middle-income countries,OWID_UMC,2003,-18.44737
Upper-middle-income countries,OWID_UMC,2004,-18.937292
Upper-middle-income countries,OWID_UMC,2005,-19.884764
Upper-middle-income countries,OWID_UMC,2006,-19.526068
Upper-middle-income countries,OWID_UMC,2007,-17.967072
Upper-middle-income countries,OWID_UMC,2008,-17.90669
Upper-middle-income countries,OWID_UMC,2009,-14.697229
Upper-middle-income countries,OWID_UMC,2010,-14.890824
Upper-middle-income countries,OWID_UMC,2011,-14.312993
Upper-middle-income countries,OWID_UMC,2012,-13.000142
Upper-middle-income countries,OWID_UMC,2013,-12.209278
Upper-middle-income countries,OWID_UMC,2014,-12.256447
Upper-middle-income countries,OWID_UMC,2015,-11.141278
Upper-middle-income countries,OWID_UMC,2016,-12.092588
Upper-middle-income countries,OWID_UMC,2017,-11.596602
Upper-middle-income countries,OWID_UMC,2018,-10.896716
Upper-middle-income countries,OWID_UMC,2019,-10.753119
Upper-middle-income countries,OWID_UMC,2020,-10.945828
Upper-middle-income countries,OWID_UMC,2021,-11.739807
Upper-middle-income countries,OWID_UMC,2022,-12.316592
Upper-middle-income countries,OWID_UMC,2023,-11.9516325
Uruguay,URY,1990,20.878023
Uruguay,URY,1991,18.471231
Uruguay,URY,1992,18.084286
Uruguay,URY,1993,25.764353
Uruguay,URY,1994,32.680676
Uruguay,URY,1995,31.044497
Uruguay,URY,1996,30.922764
Uruguay,URY,1997,29.805191
Uruguay,URY,1998,36.53464
Uruguay,URY,1999,32.90835
Uruguay,URY,2000,49.85377
Uruguay,URY,2001,46.42293
Uruguay,URY,2002,40.123363
Uruguay,URY,2003,34.2495
Uruguay,URY,2004,32.922886
Uruguay,URY,2005,31.499105
Uruguay,URY,2006,28.631313
Uruguay,URY,2007,50.046528
Uruguay,URY,2008,42.184063
Uruguay,URY,2009,30.56811
Uruguay,URY,2010,60.822254
Uruguay,URY,2011,59.330425
Uruguay,URY,2012,50.546898
Uruguay,URY,2013,54.86396
Uruguay,URY,2014,55.071434
Uruguay,URY,2015,44.891716
Uruguay,URY,2016,35.88574
Uruguay,URY,2017,48.675938
Uruguay,URY,2018,48.019093
Uruguay,URY,2019,48.789555
Uruguay,URY,2020,44.743557
Uruguay,URY,2021,34.726734
Uruguay,URY,2022,42.459454
Uruguay,URY,2023,41.364613
Venezuela,VEN,1990,-28.682568
Venezuela,VEN,1991,-21.4926
Venezuela,VEN,1992,-17.108513
Venezuela,VEN,1993,-18.329735
Venezuela,VEN,1994,-21.952637
Venezuela,VEN,1995,-19.081284
Venezuela,VEN,1996,-26.05866
Venezuela,VEN,1997,-19.786337
Venezuela,VEN,1998,-13.743445
Venezuela,VEN,1999,-37.207817
Venezuela,VEN,2000,-48.81234
Venezuela,VEN,2001,-36.433098
Venezuela,VEN,2002,-50.327972
Venezuela,VEN,2003,-30.086468
Venezuela,VEN,2004,-31.507933
Venezuela,VEN,2005,-33.784412
Venezuela,VEN,2006,-27.766289
Venezuela,VEN,2007,-22.68923
Venezuela,VEN,2008,-22.886757
Venezuela,VEN,2009,-11.73943
Venezuela,VEN,2010,-22.991837
Venezuela,VEN,2011,-25.553127
Venezuela,VEN,2012,-21.56279
Venezuela,VEN,2013,-29.903502
Venezuela,VEN,2014,-4.574291
Venezuela,VEN,2015,-26.704292
Venezuela,VEN,2016,-31.244633
Venezuela,VEN,2017,-32.87765
Venezuela,VEN,2018,-84.49904
Venezuela,VEN,2019,-59.22326
Venezuela,VEN,2020,-11.101963
Venezuela,VEN,2021,-14.957684
Venezuela,VEN,2022,-17.274733
Venezuela,VEN,2023,-15.948321
Vietnam,VNM,1990,9.291867
Vietnam,VNM,1991,8.375444
Vietnam,VNM,1992,7.8745637
Vietnam,VNM,1993,10.105228
Vietnam,VNM,1994,7.5980353
Vietnam,VNM,1995,7.822478
Vietnam,VNM,1996,7.2880883
Vietnam,VNM,1997,-0.9063851
Vietnam,VNM,1998,-0.9780064
Vietnam,VNM,1999,-7.7268662
Vietnam,VNM,2000,-31.198883
Vietnam,VNM,2001,-30.445799
Vietnam,VNM,2002,-30.704905
Vietnam,VNM,2003,-24.097258
Vietnam,VNM,2004,-24.758287
Vietnam,VNM,2005,-25.520153
Vietnam,VNM,2006,-25.407646
Vietnam,VNM,2007,-22.282305
Vietnam,VNM,2008,-21.205574
Vietnam,VNM,2009,-20.096918
Vietnam,VNM,2010,-22.492168
Vietnam,VNM,2011,-25.328943
Vietnam,VNM,2012,-25.78778
Vietnam,VNM,2013,-19.382898
Vietnam,VNM,2014,-21.863749
Vietnam,VNM,2015,-22.642977
Vietnam,VNM,2016,-21.547804
Vietnam,VNM,2017,-24.45673
Vietnam,VNM,2018,-26.038925
Vietnam,VNM,2019,-27.835379
Vietnam,VNM,2020,-28.324987
Vietnam,VNM,2021,-29.241425
Vietnam,VNM,2022,-29.36773
Vietnam,VNM,2023,-28.673468
World,OWID_WRL,1990,-0.000009009269
World,OWID_WRL,1991,0
World,OWID_WRL,1992,0
World,OWID_WRL,1993,0
World,OWID_WRL,1994,0.000008914193
World,OWID_WRL,1995,-0.000008708727
World,OWID_WRL,1996,0
World,OWID_WRL,1997,0
World,OWID_WRL,1998,0.000008429471
World,OWID_WRL,1999,0
World,OWID_WRL,2000,0
World,OWID_WRL,2001,0
World,OWID_WRL,2002,0
World,OWID_WRL,2003,0
World,OWID_WRL,2004,0
World,OWID_WRL,2005,0
World,OWID_WRL,2006,0
World,OWID_WRL,2007,-0.0000065017407
World,OWID_WRL,2008,0
World,OWID_WRL,2009,-0.000006498902
World,OWID_WRL,2010,0.000012293776
World,OWID_WRL,2011,0
World,OWID_WRL,2012,0
World,OWID_WRL,2013,-0.000011611352
World,OWID_WRL,2014,0
World,OWID_WRL,2015,0.000011569469
World,OWID_WRL,2016,0
World,OWID_WRL,2017,-0.000011385808
World,OWID_WRL,2018,0
World,OWID_WRL,2019,0
World,OWID_WRL,2020,0
World,OWID_WRL,2021,0
World,OWID_WRL,2022,0
World,OWID_WRL,2023,0
World,OWID_WRL,2024,0
Zambia,ZMB,1990,-34.388885
Zambia,ZMB,1991,-22.282724
Zambia,ZMB,1992,-17.291183
Zambia,ZMB,1993,-15.359805
Zambia,ZMB,1994,-12.50316
Zambia,ZMB,1995,-8.087883
Zambia,ZMB,1996,-4.064279
Zambia,ZMB,1997,-3.0491881
Zambia,ZMB,1998,8.704977
Zambia,ZMB,1999,12.238096
Zambia,ZMB,2000,106.92085
Zambia,ZMB,2001,110.905876
Zambia,ZMB,2002,102.951904
Zambia,ZMB,2003,87.333984
Zambia,ZMB,2004,88.54193
Zambia,ZMB,2005,85.90747
Zambia,ZMB,2006,120.63147
Zambia,ZMB,2007,148.29695
Zambia,ZMB,2008,171.40355
Zambia,ZMB,2009,99.73071
Zambia,ZMB,2010,89.39408
Zambia,ZMB,2011,127.637535
Zambia,ZMB,2012,94.64391
Zambia,ZMB,2013,96.80213
Zambia,ZMB,2014,87.626434
Zambia,ZMB,2015,73.36872
Zambia,ZMB,2016,54.941982
Zambia,ZMB,2017,35.561573
Zambia,ZMB,2018,22.8157
Zambia,ZMB,2019,25.951866
Zambia,ZMB,2020,-1.144938
Zambia,ZMB,2021,5.8445888
Zambia,ZMB,2022,7.212574
Zambia,ZMB,2023,7.3913803
Zimbabwe,ZWE,1990,-17.140696
Zimbabwe,ZWE,1991,-17.901905
Zimbabwe,ZWE,1992,-19.678549
Zimbabwe,ZWE,1993,-24.200016
Zimbabwe,ZWE,1994,-27.180748
Zimbabwe,ZWE,1995,-28.41517
Zimbabwe,ZWE,1996,-28.132677
Zimbabwe,ZWE,1997,-25.851643
Zimbabwe,ZWE,1998,-30.659124
Zimbabwe,ZWE,1999,-36.734417
Zimbabwe,ZWE,2000,-13.293091
Zimbabwe,ZWE,2001,-8.0445385
Zimbabwe,ZWE,2002,1.5411692
Zimbabwe,ZWE,2003,17.76821
Zimbabwe,ZWE,2004,10.423209
Zimbabwe,ZWE,2005,7.6617265
Zimbabwe,ZWE,2006,7.317031
Zimbabwe,ZWE,2007,10.567209
Zimbabwe,ZWE,2008,29.849209
Zimbabwe,ZWE,2009,13.354871
Zimbabwe,ZWE,2010,1.8911328
Zimbabwe,ZWE,2011,-3.5363984
Zimbabwe,ZWE,2012,3.8851397
Zimbabwe,ZWE,2013,3.446218
Zimbabwe,ZWE,2014,7.2505794
Zimbabwe,ZWE,2015,10.782402
Zimbabwe,ZWE,2016,25.032635
Zimbabwe,ZWE,2017,12.425657
Zimbabwe,ZWE,2018,10.1872225
Zimbabwe,ZWE,2019,13.245146
Zimbabwe,ZWE,2020,23.449816
Zimbabwe,ZWE,2021,20.899456
Zimbabwe,ZWE,2022,11.282917
Zimbabwe,ZWE,2023,13.956668